캐릭터명,English_Name,캐릭터아이콘경로,희귀도,속성명리스트,속성_아이콘경로리스트,무기명리스트,무기_아이콘경로리스트,방어구명리스트,방어구_아이콘경로리스트,퍼스널리티리스트,출시일
레이븐 AS,Raven (Another Style),04_data/images/character_art/레이븐 AS.png,5★ SA,Earth,04_data/images/character_art/elements_equipment/earth.png,Obtain,04_data/images/character_art/elements_equipment/obtain.png,,,"가면, 기억 상실, 후드, Staff, Earth",2025/07/24
붉은 소매의 행상인,Ruby-Sleeved Merchant,04_data/images/character_art/붉은 소매의 행상인.png,5★ SA,Earth,04_data/images/character_art/elements_equipment/earth.png,Obtain,04_data/images/character_art/elements_equipment/obtain.png,,,"동방, Itto-Ryu, Land of Mi, Scallywag, Spicy Lover, Sword, Earth",2025/07/10
푸른 빛의 낫잡이 AS,Cyan Scyther (Another Style),04_data/images/character_art/푸른 빛의 낫잡이 AS.png,5★ SA,Wind,04_data/images/character_art/elements_equipment/wind.png,Obtain,04_data/images/character_art/elements_equipment/obtain.png,,,"Sweet tooth, 미식, Lost Laboratory, Ax, Wind",2025/06/19
리나리아,Linaria,04_data/images/character_art/리나리아.png,5★ SA,Isuka ES(4)Claude ES(2)Moonlight Flower(2)Ruina(2)Isuka(2),04_data/images/character_art/elements_equipment/isuka es(4)claude es(2)moonlight flower(2)ruina(2)isuka(2).png,Obtain,04_data/images/character_art/elements_equipment/obtain.png,,,"IDA 스쿨, COA, Sword, Fire",2025/06/05
의협의 사냥꾼,Selfless Seeker,04_data/images/character_art/의협의 사냥꾼.png,5★ SA,Earth,04_data/images/character_art/elements_equipment/earth.png,Obtain,04_data/images/character_art/elements_equipment/obtain.png,,,"총, 무법자, Bow, Earth",2025/05/22
빨간 외투의 화염술사 AS,Red Clad Flam. (Another Style),04_data/images/character_art/빨간 외투의 화염술사 AS.png,5★ SA,"Fire,Crystal",04_data/images/character_art/elements_equipment/fire.png|04_data/images/character_art/elements_equipment/crystal.png,Obtain,04_data/images/character_art/elements_equipment/obtain.png,,,"IDA 스쿨, 총, 후드, Lost Laboratory, Fists, Fire, Crystal",2025/05/08
베레토 AS,Velette (Another Style),04_data/images/character_art/베레토 AS.png,5★ SA,Light,04_data/images/character_art/elements_equipment/light.png,Obtain,04_data/images/character_art/elements_equipment/obtain.png,,,"Chronos Empire, Miner, Hammer, Thunder",2025/04/24
Gunce AS,Gunce (Another Style),04_data/images/character_art/Gunce AS.png,,,,,,,,,2025/04/24
알도 AS,Aldo (Another Style),04_data/images/character_art/알도 AS.png,5★ SA,"Light- farmable ▽(expand)▽Edax Unigan(2x25%)Miglance Castle(10%20%)Toto Theater World(20%, rate: 24.8%)",04_data/images/character_art/elements_equipment/light- farmable ▽(expand)▽edax unigan(2x25%)miglance castle(10%20%)toto theater world(20%.png|04_data/images/character_art/elements_equipment/rate: 24.8%).png,Obtain,04_data/images/character_art/elements_equipment/obtain.png,,,"Guiding Light, New Radical Dreamers, New Time Drift, Protagonist, 아르카디아, 바르오키, Concerto Artes, Demon Sword, 용, Forager, Itto-Ryu, Sword, Fire",2025/04/12
니르야,Nilya,04_data/images/character_art/니르야.png,5★ SA,Crystal,04_data/images/character_art/elements_equipment/crystal.png,Obtain,04_data/images/character_art/elements_equipment/obtain.png,,,"Dog lover, Forager, MMA, Nicknamer, Fists, Crystal",2025/04/12
Jilya,Jilya,04_data/images/character_art/Jilya.png,,,,,,,,,2025/04/12
시온 ES,Shion (Extra Style),04_data/images/character_art/시온 ES.png,5★ SA,Light,04_data/images/character_art/elements_equipment/light.png,Obtain,04_data/images/character_art/elements_equipment/obtain.png,,,"Cat lover, 죽마고우, 동방, Itto-Ryu, Land of Mi, Mounted, Katana, Fire",2025/04/12
Laika,Laika,04_data/images/character_art/Laika.png,,,,,,,,,2025/04/12
센야 AS,Senya (Another Style),04_data/images/character_art/센야 AS.png,5★ SA,"Shade, Fire",04_data/images/character_art/elements_equipment/shade.png|04_data/images/character_art/elements_equipment/fire.png,Obtain,04_data/images/character_art/elements_equipment/obtain.png,,,"동방, Avenger, Cursed, Fairy, 후드, Land of Mi, Katana, Fire, Shade",2025/03/19
먹빛의 책사 AS,Jet Tactician (Another Style),04_data/images/character_art/먹빛의 책사 AS.png,5★ SA,Fire,04_data/images/character_art/elements_equipment/fire.png,Obtain,04_data/images/character_art/elements_equipment/obtain.png,,,"Cat lover, 동방, 독서가, 총, Itto-Ryu, Land of Mi, Staff, Fire",2025/03/19
Kuramaru,Kuramaru,04_data/images/character_art/Kuramaru.png,,,,,,,,,2025/03/19
코마치 AS,Komachi (Another Style),04_data/images/character_art/코마치 AS.png,5★ SA,Light,04_data/images/character_art/elements_equipment/light.png,Obtain,04_data/images/character_art/elements_equipment/obtain.png,,,"동방, Land of Mi, Lance, Earth",2025/03/06
빙무의 가희,Hoarfrost Songstress,04_data/images/character_art/빙무의 가희.png,5★ SA,Water,04_data/images/character_art/elements_equipment/water.png,Obtain,04_data/images/character_art/elements_equipment/obtain.png,,,"동방, Minstrel, Fairy, Bow, Water",2025/02/20
쿨레르보 AS,Krervo (Another Style),04_data/images/character_art/쿨레르보 AS.png,5★ SA,Light,04_data/images/character_art/elements_equipment/light.png,Obtain,04_data/images/character_art/elements_equipment/obtain.png,,,"안경, 과학자, Forager, KMS, Staff",2025/02/06
카구라메,Kagurame,04_data/images/character_art/카구라메.png,5★ SA,,,Obtain,04_data/images/character_art/elements_equipment/obtain.png,,,"동방, Fairy, 장례, Sharp Ears, Hammer, Shade",2025/01/23
적막의 연기자,Forlorn Thespian,04_data/images/character_art/적막의 연기자.png,5★ SA,Earth,04_data/images/character_art/elements_equipment/earth.png,Obtain,04_data/images/character_art/elements_equipment/obtain.png,,,"마수, 독서가, Sword, Earth",2025/01/09
네코코 ES,Necoco (Extra Style),04_data/images/character_art/네코코 ES.png,5★ SA,Light,04_data/images/character_art/elements_equipment/light.png,Obtain,04_data/images/character_art/elements_equipment/obtain.png,,,"Cat lover, 동방, Animal Talker, Fairy, Land of Mi, Ax, Earth",2024/12/30
엘실 AS,Elseal (Another Style),04_data/images/character_art/엘실 AS.png,5★ SA,Light,04_data/images/character_art/elements_equipment/light.png,Obtain,04_data/images/character_art/elements_equipment/obtain.png,,,"독서가, Weapons, Sword, Water",2024/12/19
엠펠,Empel,04_data/images/character_art/엠펠.png,5★ SA,,,Obtain,04_data/images/character_art/elements_equipment/obtain.png,,,"안경, 아틀리에, 독서가, Staff",2024/12/05
이드,Id,04_data/images/character_art/이드.png,5★ SA,Earth,04_data/images/character_art/elements_equipment/earth.png,Obtain,04_data/images/character_art/elements_equipment/obtain.png,,,"프리아레스, Fists, Earth",2024/12/05
Hazama,Hazama,04_data/images/character_art/Hazama.png,,,,,,,,,2024/12/05
클라우디아,Klaudia,04_data/images/character_art/클라우디아.png,5★ SA,"Light- farmable ▽(expand)▽Edge of Contradiction(10%20%)Toto Theater World(20%, rate: 24.8%)",04_data/images/character_art/elements_equipment/light- farmable ▽(expand)▽edge of contradiction(10%20%)toto theater world(20%.png|04_data/images/character_art/elements_equipment/rate: 24.8%).png,Obtain,04_data/images/character_art/elements_equipment/obtain.png,,,"요리, 아틀리에, Bow, Water",2024/12/05
라이자,Ryza,04_data/images/character_art/라이자.png,5★ SA,"Light- farmable ▽(expand)▽Edge of Contradiction(10%20%)Toto Theater World(20%, rate: 24.8%)",04_data/images/character_art/elements_equipment/light- farmable ▽(expand)▽edge of contradiction(10%20%)toto theater world(20%.png|04_data/images/character_art/elements_equipment/rate: 24.8%).png,Obtain,04_data/images/character_art/elements_equipment/obtain.png,,,"아틀리에, Forager, Miner, Staff, Fire",2024/12/05
이즈나,Izuna,04_data/images/character_art/이즈나.png,5★ SA,Light,04_data/images/character_art/elements_equipment/light.png,Obtain,04_data/images/character_art/elements_equipment/obtain.png,,,"동방, 가면, 기억 상실, Estrangement, Staff, Thunder",2024/11/21
루프스 AS,Rufus (Another Style),04_data/images/character_art/루프스 AS.png,5★ SA,Light,04_data/images/character_art/elements_equipment/light.png,Obtain,04_data/images/character_art/elements_equipment/obtain.png,,,"독서가, Fists, Fire",2024/11/07
까마귀 밤의 밀정,Nocturne Ninja,04_data/images/character_art/까마귀 밤의 밀정.png,5★ SA,Wind,04_data/images/character_art/elements_equipment/wind.png,Obtain,04_data/images/character_art/elements_equipment/obtain.png,,,"Cat lover, 동방, Glutton, Land of Mi, Ninja, Fists, Wind",2024/10/24
세스타 AS,Sesta (Another Style),04_data/images/character_art/세스타 AS.png,5★ SA,Wind,04_data/images/character_art/elements_equipment/wind.png,Obtain,04_data/images/character_art/elements_equipment/obtain.png,,,"Avenger, Katana, Wind",2024/10/10
센야,Senya,04_data/images/character_art/센야.png,5★ SA,"Shade, Fire",04_data/images/character_art/elements_equipment/shade.png|04_data/images/character_art/elements_equipment/fire.png,Obtain,04_data/images/character_art/elements_equipment/obtain.png,,,"동방, Avenger, Cursed, Fairy, 후드, Land of Mi, Katana, Fire, Shade",2024/09/19
시구레 ES,Shigure (Extra Style),04_data/images/character_art/시구레 ES.png,5★ SA,Light,04_data/images/character_art/elements_equipment/light.png,Obtain,04_data/images/character_art/elements_equipment/obtain.png,,,"Cat lover, 죽마고우, 동방, Itto-Ryu, Land of Mi, Mounted, Spicy Lover, Katana, Water",2024/09/19
링리 AS,Lingli (Another Style),04_data/images/character_art/링리 AS.png,5★ SA,Light,04_data/images/character_art/elements_equipment/light.png,Obtain,04_data/images/character_art/elements_equipment/obtain.png,,,"요리, 동방, Land of Shin, MMA, Fists, Fire",2024/09/05
쿨라,Kula,04_data/images/character_art/쿨라.png,5★ SA,"Light- farmable ▽(expand)▽Evil's Nest Arena(10%20%)Toto Theater World(20%, rate: 24.8%)",04_data/images/character_art/elements_equipment/light- farmable ▽(expand)▽evil's nest arena(10%20%)toto theater world(20%.png|04_data/images/character_art/elements_equipment/rate: 24.8%).png,Obtain,04_data/images/character_art/elements_equipment/obtain.png,,,"Sweet tooth, KOF, MMA, Fists, Water",2024/08/22
쿄,Kyo,04_data/images/character_art/쿄.png,5★ SA,"Light- farmable ▽(expand)▽Evil's Nest Arena(10%20%)Toto Theater World(20%, rate: 24.8%)",04_data/images/character_art/elements_equipment/light- farmable ▽(expand)▽evil's nest arena(10%20%)toto theater world(20%.png|04_data/images/character_art/elements_equipment/rate: 24.8%).png,Obtain,04_data/images/character_art/elements_equipment/obtain.png,,,"KOF, MMA, Mounted, Fists, Fire",2024/08/22
마이,Mai,04_data/images/character_art/마이.png,5★ SA,"Light- farmable ▽(expand)▽Evil's Nest Arena(10%20%)Toto Theater World(20%, rate: 24.8%)",04_data/images/character_art/elements_equipment/light- farmable ▽(expand)▽evil's nest arena(10%20%)toto theater world(20%.png|04_data/images/character_art/elements_equipment/rate: 24.8%).png,Obtain,04_data/images/character_art/elements_equipment/obtain.png,,,"KOF, 상사병, MMA, Ninja, Fists, Fire",2024/08/22
가시나무 저주의 여인,Thornbound Witch,04_data/images/character_art/가시나무 저주의 여인.png,5★ SA,"Wind, Shade",04_data/images/character_art/elements_equipment/wind.png|04_data/images/character_art/elements_equipment/shade.png,Obtain,04_data/images/character_art/elements_equipment/obtain.png,,,"Cat lover, Cursed, 후드, 상사병, Hammer, Wind, Shade",2024/08/22
테리,Terry,04_data/images/character_art/테리.png,5★ SA,"Light- farmable ▽(expand)▽Evil's Nest Arena(10%20%)Toto Theater World(20%, rate: 24.8%)",04_data/images/character_art/elements_equipment/light- farmable ▽(expand)▽evil's nest arena(10%20%)toto theater world(20%.png|04_data/images/character_art/elements_equipment/rate: 24.8%).png,Obtain,04_data/images/character_art/elements_equipment/obtain.png,,,"KOF, MMA, Fists, Earth",2024/08/22
질버 AS,Zilva (Another Style),04_data/images/character_art/질버 AS.png,5★ SA,"None, Earth",04_data/images/character_art/elements_equipment/none.png|04_data/images/character_art/elements_equipment/earth.png,Obtain,04_data/images/character_art/elements_equipment/obtain.png,,,"미술, Forager, 무법자, Ax, Earth",2024/08/08
우츠하라,Utpalaka,04_data/images/character_art/우츠하라.png,5★ SA,Light,04_data/images/character_art/elements_equipment/light.png,Obtain,04_data/images/character_art/elements_equipment/obtain.png,,,"아르카디아, 용, Dragon Killer, 프리아레스, Ax, Thunder",2024/07/25
도희의 자객,Undercover Scribe,04_data/images/character_art/도희의 자객.png,5★ SA,Fire,04_data/images/character_art/elements_equipment/fire.png,Obtain,04_data/images/character_art/elements_equipment/obtain.png,,,"독서가, 총, 무법자, Spicy Lover, Fists, Fire",2024/07/04
미나르카 AS,Minalca (Another Style),04_data/images/character_art/미나르카 AS.png,5★ SA,Fire,04_data/images/character_art/elements_equipment/fire.png,Obtain,04_data/images/character_art/elements_equipment/obtain.png,,,"Chronos Empire, Glutton, 밀리터리, 무법자, Sword, Fire",2024/06/20
Tetra AS,Tetra (Another Style),04_data/images/character_art/Tetra AS.png,,,,,,,,,2024/06/20
피네 AS,Feinne (Another Style),04_data/images/character_art/피네 AS.png,5★ SA,,,Obtain,04_data/images/character_art/elements_equipment/obtain.png,,,"Cat lover, 요리, 바르오키, Demon Sword, 지오, Staff",2024/06/06
질퍼니,Jillfunny,04_data/images/character_art/질퍼니.png,5★ SA,"Water, Crystal",04_data/images/character_art/elements_equipment/water.png|04_data/images/character_art/elements_equipment/crystal.png,Obtain,04_data/images/character_art/elements_equipment/obtain.png,,,"Cat lover, 기억 상실, 후드, Sword, Water, Crystal",2024/06/06
Pyggie,Pyggie,04_data/images/character_art/Pyggie.png,,,,,,,,,2024/06/06
Thysía,Thysía,04_data/images/character_art/Thysía.png,,,,,,,,,2024/06/06
마츠리카,Mazrika,04_data/images/character_art/마츠리카.png,5★ SA,Water,04_data/images/character_art/elements_equipment/water.png,Obtain,04_data/images/character_art/elements_equipment/obtain.png,,,"마수, Sweet tooth, 후드, Napper, 프리아레스, Ax, Water",2024/05/23
야쿠모 AS,Yakumo (Another Style),04_data/images/character_art/야쿠모 AS.png,5★ SA,,,Obtain,04_data/images/character_art/elements_equipment/obtain.png,,,"Estrangement, KMS, Staff, Shade",2024/05/09
Kumos AS,Kumos (Another Style),04_data/images/character_art/Kumos AS.png,,,,,,,,,2024/05/09
전영의 샛별,Virtual Reflection,04_data/images/character_art/전영의 샛별.png,5★ SA,"Earth,Thunder",04_data/images/character_art/elements_equipment/earth.png|04_data/images/character_art/elements_equipment/thunder.png,Obtain,04_data/images/character_art/elements_equipment/obtain.png,,,"가면, Sweet tooth, 후드, Hammer, Earth, Thunder",2024/04/25
아나벨 ES,Anabel (Extra Style),04_data/images/character_art/아나벨 ES.png,5★ SA,Light,04_data/images/character_art/elements_equipment/light.png,Obtain,04_data/images/character_art/elements_equipment/obtain.png,,,"미글렌스 왕궁, Sweet tooth, Mounted, 방패, Sword, Water",2024/04/12
셴화,Xianhua,04_data/images/character_art/셴화.png,5★ SA,,,Obtain,04_data/images/character_art/elements_equipment/obtain.png,,,"동방, 과학자, 합성인간, KMS, Staff",2024/04/12
쿠치나와,Kuchinawa,04_data/images/character_art/쿠치나와.png,5★ SA,Earth,04_data/images/character_art/elements_equipment/earth.png,Obtain,04_data/images/character_art/elements_equipment/obtain.png,,,"아르카디아, Staff, Earth",2024/03/21
히나기쿠 AS,Daisy (Another Style),04_data/images/character_art/히나기쿠 AS.png,5★ SA,Earth,04_data/images/character_art/elements_equipment/earth.png,Obtain,04_data/images/character_art/elements_equipment/obtain.png,,,"Dog lover, 프리아레스, Spicy Lover, Hammer, Earth",2024/03/08
이벨라 AS,Ewella (Another Style),04_data/images/character_art/이벨라 AS.png,5★ SA,Light,04_data/images/character_art/elements_equipment/light.png,Obtain,04_data/images/character_art/elements_equipment/obtain.png,,,"엘프, Lance, Water, Crystal",2024/02/22
사잔카,Sazanca,04_data/images/character_art/사잔카.png,5★ SA,Light,04_data/images/character_art/elements_equipment/light.png,Obtain,04_data/images/character_art/elements_equipment/obtain.png,,,"동방, 아르카디아, Dragon Killer, Forager, Glutton, 방패, Ax, Fire",2024/02/08
멜피피아,Melpiphia,04_data/images/character_art/멜피피아.png,5★ SA,Light,04_data/images/character_art/elements_equipment/light.png,Obtain,04_data/images/character_art/elements_equipment/obtain.png,,,"엘프, 아르카디아, Nicknamer, Sword, Wind",2024/01/26
Iridian (Attack),Iridian (Attack),04_data/images/character_art/Iridian (Attack).png,,,,,,,,,2024/01/26
Iridian (Defense),Iridian (Defense),04_data/images/character_art/Iridian (Defense).png,,,,,,,,,2024/01/26
Iridian (Heal),Iridian (Heal),04_data/images/character_art/Iridian (Heal).png,,,,,,,,,2024/01/26
국화의검색,Blooming Blade,04_data/images/character_art/국화의검색.png,5★ SA,Earth,04_data/images/character_art/elements_equipment/earth.png,Obtain,04_data/images/character_art/elements_equipment/obtain.png,,,"동방, Itto-Ryu, Land of Mi, Katana, Earth",2024/01/22
틸릴 ES,Thillelille (Extra Style),04_data/images/character_art/틸릴 ES.png,5★ SA,Crystal,04_data/images/character_art/elements_equipment/crystal.png,Obtain,04_data/images/character_art/elements_equipment/obtain.png,,,"Clergy, Sweet tooth, West, Sword, Fire, Shade",2024/01/16
Moke,Moke,04_data/images/character_art/Moke.png,,,,,,,,,2024/01/16
알마 AS,Alma (Another Style),04_data/images/character_art/알마 AS.png,5★ SA,Crystal,04_data/images/character_art/elements_equipment/crystal.png,Obtain,04_data/images/character_art/elements_equipment/obtain.png,,,"Cat lover, 안경, 연금술사, 총, Bow, Crystal",2024/01/09
웨네피카,Wenefica,04_data/images/character_art/웨네피카.png,5★ SA,"Water, Shade",04_data/images/character_art/elements_equipment/water.png|04_data/images/character_art/elements_equipment/shade.png,Obtain,04_data/images/character_art/elements_equipment/obtain.png,,,"Avenger, 바르오키, Cursed, Bow, Water, Shade",2023/12/28
사이러스 (협주),Cyrus Albright,04_data/images/character_art/사이러스 (협주).png,5★ SA,"Fire, Water, Thunder",04_data/images/character_art/elements_equipment/fire.png|04_data/images/character_art/elements_equipment/water.png|04_data/images/character_art/elements_equipment/thunder.png,Obtain,04_data/images/character_art/elements_equipment/obtain.png,,,"독서가, Traveler, Staff, Fire, Water, Thunder",2023/12/07
오보로,Oboro,04_data/images/character_art/오보로.png,5★ SA,Light,04_data/images/character_art/elements_equipment/light.png,Obtain,04_data/images/character_art/elements_equipment/obtain.png,,,"Cat lover, 동방, 가면, Itto-Ryu, KMS, 상사병, Katana, Thunder",2023/12/07
파르티티오,Partitio,04_data/images/character_art/파르티티오.png,5★ SA,"Light- farmable ▽(expand)▽Path of Avarice(10%20%)Toto Theater World(20%, rate: 24.8%)",04_data/images/character_art/elements_equipment/light- farmable ▽(expand)▽path of avarice(10%20%)toto theater world(20%.png|04_data/images/character_art/elements_equipment/rate: 24.8%).png,Obtain,04_data/images/character_art/elements_equipment/obtain.png,,,"Traveler, Bow, Fire",2023/12/07
티티,Tithi,04_data/images/character_art/티티.png,5★ SA,"Light- farmable ▽(expand)▽Path of Avarice(10%20%)Toto Theater World(20%, rate: 24.8%)",04_data/images/character_art/elements_equipment/light- farmable ▽(expand)▽path of avarice(10%20%)toto theater world(20%.png|04_data/images/character_art/elements_equipment/rate: 24.8%).png,Obtain,04_data/images/character_art/elements_equipment/obtain.png,,,"Traveler, Fists, Thunder",2023/12/07
세리에스,Cerius,04_data/images/character_art/세리에스.png,5★ SA,Light,04_data/images/character_art/elements_equipment/light.png,Obtain,04_data/images/character_art/elements_equipment/obtain.png,,,"아르카디아, Dragon Killer, Spicy Lover, Bow, Earth",2023/11/24
류제,Wryz,04_data/images/character_art/류제.png,5★ SA,"Light- farmable ▽(expand)▽Darkrealm - Wyrmking's Domain(10%20%)Wyrmrest Isle - Dragon's Depths(10%20%)Wyrmrest Isle - Quadra Wastes(10%20%)Toto Theater World(20%, rate: 24.8%)",04_data/images/character_art/elements_equipment/light- farmable ▽(expand)▽darkrealm - wyrmking's domain(10%20%)wyrmrest isle - dragon's depths(10%20%)wyrmrest isle - quadra wastes(10%20%)toto theater world(20%.png|04_data/images/character_art/elements_equipment/rate: 24.8%).png,Obtain,04_data/images/character_art/elements_equipment/obtain.png,,,"아르카디아, Cursed, 용, Dragon Killer, Lance, Water",2023/11/24
폼 AS,Pom (Another Style),04_data/images/character_art/폼 AS.png,5★,Light,04_data/images/character_art/elements_equipment/light.png,Obtain,04_data/images/character_art/elements_equipment/obtain.png,,,"과학자, Forager, 총, Staff",2023/11/15
오를레아 AS,Orleya (Another Style),04_data/images/character_art/오를레아 AS.png,5★,Light,04_data/images/character_art/elements_equipment/light.png,Obtain,04_data/images/character_art/elements_equipment/obtain.png,,,"Estrangement, Ax, Fire, Thunder",2023/11/07
백자의 마인,Porcelain Pixie,04_data/images/character_art/백자의 마인.png,5★,Light,04_data/images/character_art/elements_equipment/light.png,Obtain,04_data/images/character_art/elements_equipment/obtain.png,,,"동방, Bind, Land of Shin, Staff, Earth",2023/10/25
캄라녜쥬,Kamlanage,04_data/images/character_art/캄라녜쥬.png,5★,,,Obtain,04_data/images/character_art/elements_equipment/obtain.png,,,"Chronos Empire, 미래 혁명가, Paradoxical Dreamers' Leader, 시간의 황자, Staff, Thunder",2023/10/17
베레토,Velette,04_data/images/character_art/베레토.png,5★,Light,04_data/images/character_art/elements_equipment/light.png,Obtain,04_data/images/character_art/elements_equipment/obtain.png,,,"Chronos Empire, Miner, Hammer, Thunder",2023/10/17
Gunce,Gunce,04_data/images/character_art/Gunce.png,,,,,,,,,2023/10/17
Hyuga,Hyuga,04_data/images/character_art/Hyuga.png,,,,,,,,,2023/10/17
파리사 AS,Parisa (Another Style),04_data/images/character_art/파리사 AS.png,5★,Fire,04_data/images/character_art/elements_equipment/fire.png,Obtain,04_data/images/character_art/elements_equipment/obtain.png,,,"Minstrel, Cursed, Bow, Fire",2023/10/06
꿈의 음유 시인,Dream Weaver,04_data/images/character_art/꿈의 음유 시인.png,5★,Water,04_data/images/character_art/elements_equipment/water.png,Obtain,04_data/images/character_art/elements_equipment/obtain.png,,,"마수, Minstrel, 프리아레스, Spicy Lover, Staff, Water",2023/09/26
멜로디 AS,Melody (Another Style),04_data/images/character_art/멜로디 AS.png,5★,Light,04_data/images/character_art/elements_equipment/light.png,Obtain,04_data/images/character_art/elements_equipment/obtain.png,,,"IDA 스쿨, Estrangement, Staff, Wind",2023/09/15
녹시스 AS,Noahxis (Another Style),04_data/images/character_art/녹시스 AS.png,5★,Wind,04_data/images/character_art/elements_equipment/wind.png,Obtain,04_data/images/character_art/elements_equipment/obtain.png,,,"과학자, Hammer, Wind",2023/09/15
펠미나 ES,Felmina (Extra Style),04_data/images/character_art/펠미나 ES.png,5★,Water,04_data/images/character_art/elements_equipment/water.png,Obtain,04_data/images/character_art/elements_equipment/obtain.png,,,"미글렌스 왕궁, 후드, Ninja, 무법자, Fists, Wind",2023/09/06
엘실,Elseal,04_data/images/character_art/엘실.png,5★,Light,04_data/images/character_art/elements_equipment/light.png,Obtain,04_data/images/character_art/elements_equipment/obtain.png,,,"독서가, Weapons, Sword, Water",2023/08/25
프레메아 AS,Premaya (Another Style),04_data/images/character_art/프레메아 AS.png,5★,Light,04_data/images/character_art/elements_equipment/light.png,Obtain,04_data/images/character_art/elements_equipment/obtain.png,,,"요리, Lost Laboratory, Machinery, Bow, Earth",2023/08/15
심홍의 사자,Crimson Reaper,04_data/images/character_art/심홍의 사자.png,5★,Water,04_data/images/character_art/elements_equipment/water.png,Obtain,04_data/images/character_art/elements_equipment/obtain.png,,,"가면, 프리아레스, Ax, Water",2023/08/04
Limil,Limil,04_data/images/character_art/Limil.png,,,,,,,,,2023/08/04
피치카 AS,Pizzica (Another Style),04_data/images/character_art/피치카 AS.png,5★,Light,04_data/images/character_art/elements_equipment/light.png,Obtain,04_data/images/character_art/elements_equipment/obtain.png,,,"Minstrel, 북방, Bow, Fire",2023/07/25
Pisce,Pisce,04_data/images/character_art/Pisce.png,,,,,,,,,2023/07/25
노나 AS,Nona (Another Style),04_data/images/character_art/노나 AS.png,5★,"Water,Shade",04_data/images/character_art/elements_equipment/water.png|04_data/images/character_art/elements_equipment/shade.png,Obtain,04_data/images/character_art/elements_equipment/obtain.png,,,"기억 상실, 후드, 왕족, Bow, Water, Shade",2023/07/14
세스타,Sesta,04_data/images/character_art/세스타.png,5★,Wind,04_data/images/character_art/elements_equipment/wind.png,Obtain,04_data/images/character_art/elements_equipment/obtain.png,,,"Avenger, Katana, Wind",2023/07/14
투바 ES,Toova (Extra Style),04_data/images/character_art/투바 ES.png,5★,"Water, Shade",04_data/images/character_art/elements_equipment/water.png|04_data/images/character_art/elements_equipment/shade.png,Obtain,04_data/images/character_art/elements_equipment/obtain.png,,,"장례, Nicknamer, Spirit-fused, Staff, Earth",2023/07/14
러블리 AS,Lovely (Another Style),04_data/images/character_art/러블리 AS.png,5★,Light,04_data/images/character_art/elements_equipment/light.png,Obtain,04_data/images/character_art/elements_equipment/obtain.png,,,"요리, 드워프, Nicknamer, Fists, Fire",2023/07/05
셀리느 AS,Cerrine (Another Style),04_data/images/character_art/셀리느 AS.png,5★,"Light- farmable ▽(expand)▽Future Garulea Continent(2x25%)Toto Theater World(20%, rate: 24.8%)",04_data/images/character_art/elements_equipment/light- farmable ▽(expand)▽future garulea continent(2x25%)toto theater world(20%.png|04_data/images/character_art/elements_equipment/rate: 24.8%).png,Obtain,04_data/images/character_art/elements_equipment/obtain.png,,,"안경, IDA 스쿨, 무법자, Fists, Earth",2023/06/21
잔영의 가인,Beautiful Stranger,04_data/images/character_art/잔영의 가인.png,5★,Earth,04_data/images/character_art/elements_equipment/earth.png,Obtain,04_data/images/character_art/elements_equipment/obtain.png,,,"기억 상실, Dog lover, KMS, Sword, Earth",2023/06/21
야쿠모,Yakumo,04_data/images/character_art/야쿠모.png,5★,,,Obtain,04_data/images/character_art/elements_equipment/obtain.png,,,"Estrangement, KMS, Staff, Shade",2023/06/09
Kumos,Kumos,04_data/images/character_art/Kumos.png,,,,,,,,,2023/06/09
듀이 AS,Dewey (Another Style),04_data/images/character_art/듀이 AS.png,5★,Light,04_data/images/character_art/elements_equipment/light.png,Obtain,04_data/images/character_art/elements_equipment/obtain.png,,,"안경, 독서가, 총, Lost Laboratory, 상사병, Fists, Water",2023/05/10
은주의 구미호,Vermillion Whip,04_data/images/character_art/은주의 구미호.png,5★,Fire,04_data/images/character_art/elements_equipment/fire.png,Obtain,04_data/images/character_art/elements_equipment/obtain.png,,,"요리, 동방, Fairy, Land of Shin, Spicy Lover, Lance, Fire",2023/04/26
마리엘 ES,Mariel (Extra Style),04_data/images/character_art/마리엘 ES.png,5★,Light,04_data/images/character_art/elements_equipment/light.png,Obtain,04_data/images/character_art/elements_equipment/obtain.png,,,"Cat lover, Clergy, Staff",2023/04/11
히이나 AS,Heena (Another Style),04_data/images/character_art/히이나 AS.png,5★,Wind,04_data/images/character_art/elements_equipment/wind.png,Obtain,04_data/images/character_art/elements_equipment/obtain.png,,,"동방, Land of Ro, Machinery, Katana, Wind",2023/03/24
가람배럴 AS,Garambarrel (Another Style),04_data/images/character_art/가람배럴 AS.png,5★,Light,04_data/images/character_art/elements_equipment/light.png,Obtain,04_data/images/character_art/elements_equipment/obtain.png,,,"동방, Cursed, 타이탄, Lance, Wind",2023/03/10
애쉬티어,Ashtear,04_data/images/character_art/애쉬티어.png,5★,"Light- farmable ▽(expand)▽Omegapolis(2x25%)Toto Theater World(20%, rate: 24.8%)",04_data/images/character_art/elements_equipment/light- farmable ▽(expand)▽omegapolis(2x25%)toto theater world(20%.png|04_data/images/character_art/elements_equipment/rate: 24.8%).png,Obtain,04_data/images/character_art/elements_equipment/obtain.png,,,"안경, 과학자, 바르오키, 총, Fists, Fire",2023/02/24
Korobo,Korobo,04_data/images/character_art/Korobo.png,,,,,,,,,2023/02/24
미나르카,Minalca,04_data/images/character_art/미나르카.png,5★,Fire,04_data/images/character_art/elements_equipment/fire.png,Obtain,04_data/images/character_art/elements_equipment/obtain.png,,,"Chronos Empire, Glutton, 밀리터리, 무법자, Sword, Fire",2023/02/24
Tetra,Tetra,04_data/images/character_art/Tetra.png,,,,,,,,,2023/02/24
Mordy,Mordy,04_data/images/character_art/Mordy.png,,,,,,,,,2023/02/24
Minimander,Minimander,04_data/images/character_art/Minimander.png,,,,,,,,,2023/02/24
Lord Ukulele,Lord Ukulele,04_data/images/character_art/Lord Ukulele.png,,,,,,,,,2023/02/24
플람라피스 AS,Flammelapis (Another Style),04_data/images/character_art/플람라피스 AS.png,5★,Light,04_data/images/character_art/elements_equipment/light.png,Obtain,04_data/images/character_art/elements_equipment/obtain.png,,,"Clergy, Demon Sword, Glutton, 타이탄, Staff, Water",2023/02/10
이프,Iphi,04_data/images/character_art/이프.png,5★,"Fire, Shade",04_data/images/character_art/elements_equipment/fire.png|04_data/images/character_art/elements_equipment/shade.png,Obtain,04_data/images/character_art/elements_equipment/obtain.png,,,"총, Spicy Lover, Staff, Fire, Shade",2023/01/27
꽃피우는 공주,Noble Blossom,04_data/images/character_art/꽃피우는 공주.png,5★,Light,04_data/images/character_art/elements_equipment/light.png,Obtain,04_data/images/character_art/elements_equipment/obtain.png,,,"동방, 독서가, Fairy, Land of Ro, 왕족, Lance, Fire",2023/01/11
네코코 AS,Necoco (Another Style),04_data/images/character_art/네코코 AS.png,5★,Light,04_data/images/character_art/elements_equipment/light.png,Obtain,04_data/images/character_art/elements_equipment/obtain.png,,,"Cat lover, 동방, Animal Talker, Fairy, Land of Mi, Ax, Earth",2022/12/27
알펜,Alphen,04_data/images/character_art/알펜.png,5★,Fire,04_data/images/character_art/elements_equipment/fire.png,Obtain,04_data/images/character_art/elements_equipment/obtain.png,,,"가면, 기억 상실, Concerto Artes, 테일즈 오브, Sword, Fire",2022/12/20
콜레트,Colette,04_data/images/character_art/콜레트.png,5★,"Light- farmable ▽(expand)▽Dream Flower(10%20%)Toto Theater World(20%, rate: 24.8%)",04_data/images/character_art/elements_equipment/light- farmable ▽(expand)▽dream flower(10%20%)toto theater world(20%.png|04_data/images/character_art/elements_equipment/rate: 24.8%).png,Obtain,04_data/images/character_art/elements_equipment/obtain.png,,,"Concerto Artes, Dog lover, 테일즈 오브, Staff",2022/12/20
월화의 영애,Moonlight Flower,04_data/images/character_art/월화의 영애.png,5★,Water,04_data/images/character_art/elements_equipment/water.png,Obtain,04_data/images/character_art/elements_equipment/obtain.png,,,"IDA 스쿨, Sword, Water",2022/12/20
로이드,Lloyd,04_data/images/character_art/로이드.png,5★,"Light- farmable ▽(expand)▽Dream Flower(10%20%)Toto Theater World(20%, rate: 24.8%)",04_data/images/character_art/elements_equipment/light- farmable ▽(expand)▽dream flower(10%20%)toto theater world(20%.png|04_data/images/character_art/elements_equipment/rate: 24.8%).png,Obtain,04_data/images/character_art/elements_equipment/obtain.png,,,"Concerto Artes, 테일즈 오브, Katana, Fire",2022/12/20
시온 (협주),Shionne,04_data/images/character_art/시온 (협주).png,5★,Fire,04_data/images/character_art/elements_equipment/fire.png,Obtain,04_data/images/character_art/elements_equipment/obtain.png,,,"Concerto Artes, Cursed, Glutton, 총, 테일즈 오브, Bow, Fire",2022/12/20
비아카 AS,Biaka (Another Style),04_data/images/character_art/비아카 AS.png,5★,Wind,04_data/images/character_art/elements_equipment/wind.png,Obtain,04_data/images/character_art/elements_equipment/obtain.png,,,"가면, 총, 밀리터리, 무법자, Hammer, Wind",2022/12/07
신시아 AS,Cynthia (Another Style),04_data/images/character_art/신시아 AS.png,5★,Light,04_data/images/character_art/elements_equipment/light.png,Obtain,04_data/images/character_art/elements_equipment/obtain.png,,,"미술, Bind, 독서가, 미식, 왕족, Sword, Wind",2022/11/22
클로드 ES,Claude (Extra Style),04_data/images/character_art/클로드 ES.png,5★,Cynthia(3)Isuka ES(3)Forlorn Thespian(3)Ruina(3)Aldo(2)Elseal(2)Guildna(2)Moonlight Flower(2)Linaria(2)Miyu(2)Curio(2)Isuka(2)Noble Blossom(2),04_data/images/character_art/elements_equipment/cynthia(3)isuka es(3)forlorn thespian(3)ruina(3)aldo(2)elseal(2)guildna(2)moonlight flower(2)linaria(2)miyu(2)curio(2)isuka(2)noble blossom(2).png,Obtain,04_data/images/character_art/elements_equipment/obtain.png,,,"IDA 스쿨, 독서가, 용, 왕족, Bow, Wind",2022/11/09
아이샤,Aisha,04_data/images/character_art/아이샤.png,5★,"Light- farmable ▽(expand)▽Toto Theater World(20%, rate: 24.8%)",04_data/images/character_art/elements_equipment/light- farmable ▽(expand)▽toto theater world(20%.png|04_data/images/character_art/elements_equipment/rate: 24.8%).png,Obtain,04_data/images/character_art/elements_equipment/obtain.png,,,"Minstrel, Cursed, Staff, Fire, Water",2022/10/21
소이라 AS,Soira (Another Style),04_data/images/character_art/소이라 AS.png,5★,Light,04_data/images/character_art/elements_equipment/light.png,Obtain,04_data/images/character_art/elements_equipment/obtain.png,,,"미글렌스 왕궁, Napper, Lance, Wind",2022/10/21
우쿠아지,Uquaji,04_data/images/character_art/우쿠아지.png,5★,Water,04_data/images/character_art/elements_equipment/water.png,Obtain,04_data/images/character_art/elements_equipment/obtain.png,,,"Fists, Water",2022/10/11
유키노 AS,Yukino (Another Style),04_data/images/character_art/유키노 AS.png,5★,Light,04_data/images/character_art/elements_equipment/light.png,Obtain,04_data/images/character_art/elements_equipment/obtain.png,,,"동방, Fairy, Bow, Water",2022/10/11
레레 AS,Lele (Another Style),04_data/images/character_art/레레 AS.png,5★,Light,04_data/images/character_art/elements_equipment/light.png,Obtain,04_data/images/character_art/elements_equipment/obtain.png,,,"Cat lover, Animal Talker, Staff, Water",2022/09/22
알마,Alma,04_data/images/character_art/알마.png,5★,Crystal,04_data/images/character_art/elements_equipment/crystal.png,Obtain,04_data/images/character_art/elements_equipment/obtain.png,,,"Cat lover, 안경, 연금술사, 총, Bow, Crystal",2022/09/09
유인 AS,Yipha (Another Style),04_data/images/character_art/유인 AS.png,5★,Light,04_data/images/character_art/elements_equipment/light.png,Obtain,04_data/images/character_art/elements_equipment/obtain.png,,,"Clergy, 상사병, Nicknamer, Spicy Lover, Hammer, Wind",2022/08/23
아자미 AS,Azami (Another Style),04_data/images/character_art/아자미 AS.png,5★,"Light- farmable ▽(expand)▽Present Garulea Continent(2x25%)Toto Theater World(20%, rate: 24.8%)",04_data/images/character_art/elements_equipment/light- farmable ▽(expand)▽present garulea continent(2x25%)toto theater world(20%.png|04_data/images/character_art/elements_equipment/rate: 24.8%).png,Obtain,04_data/images/character_art/elements_equipment/obtain.png,,,"동방, Sweet tooth, Land of Mi, 상사병, Katana, Wind",2022/08/12
먹빛의 책사,Jet Tactician,04_data/images/character_art/먹빛의 책사.png,5★,Fire,04_data/images/character_art/elements_equipment/fire.png,Obtain,04_data/images/character_art/elements_equipment/obtain.png,,,"Cat lover, 동방, 독서가, 총, Itto-Ryu, Land of Mi, Staff, Fire",2022/08/12
라디아스 AS,Radias (Another Style),04_data/images/character_art/라디아스 AS.png,5★,Light,04_data/images/character_art/elements_equipment/light.png,Obtain,04_data/images/character_art/elements_equipment/obtain.png,,,"미글렌스 왕궁, 방패, Sword, Fire",2022/07/25
미유 ES,Miyu (Extra Style),04_data/images/character_art/미유 ES.png,5★,Light,04_data/images/character_art/elements_equipment/light.png,Obtain,04_data/images/character_art/elements_equipment/obtain.png,,,"미글렌스 왕궁, 왕족, Sword, Fire",2022/07/08
녹시스,Noahxis,04_data/images/character_art/녹시스.png,5★,Wind,04_data/images/character_art/elements_equipment/wind.png,Obtain,04_data/images/character_art/elements_equipment/obtain.png,,,"과학자, Hammer, Wind",2022/07/08
노나,Nona,04_data/images/character_art/노나.png,5★,"Water,Shade",04_data/images/character_art/elements_equipment/water.png|04_data/images/character_art/elements_equipment/shade.png,Obtain,04_data/images/character_art/elements_equipment/obtain.png,,,"기억 상실, 후드, 왕족, Bow, Water, Shade",2022/07/08
오를레아,Orleya,04_data/images/character_art/오를레아.png,5★,Light,04_data/images/character_art/elements_equipment/light.png,Obtain,04_data/images/character_art/elements_equipment/obtain.png,,,"Estrangement, Ax, Fire, Thunder",2022/07/08
미르샤 AS,Milsha (Another Style),04_data/images/character_art/미르샤 AS.png,5★,"Earth,Shade",04_data/images/character_art/elements_equipment/earth.png|04_data/images/character_art/elements_equipment/shade.png,Obtain,04_data/images/character_art/elements_equipment/obtain.png,,,"Minstrel, Fishman, West, Lance, Earth, Shade",2022/06/14
필로 AS,Philo (Another Style),04_data/images/character_art/필로 AS.png,5★,Light,04_data/images/character_art/elements_equipment/light.png,Obtain,04_data/images/character_art/elements_equipment/obtain.png,,,"Woodcutter, Ax, Water",2022/06/06
오토하 AS,Otoha (Another Style),04_data/images/character_art/오토하 AS.png,5★,Light,04_data/images/character_art/elements_equipment/light.png,Obtain,04_data/images/character_art/elements_equipment/obtain.png,,,"Cat lover, 동방, Land of Mi, Zoology, Katana, Earth",2022/05/27
마유,Mayu,04_data/images/character_art/마유.png,5★,"Light- farmable ▽(expand)▽Iscariot(20%)Toto Theater World(20%, rate: 24.8%)",04_data/images/character_art/elements_equipment/light- farmable ▽(expand)▽iscariot(20%)toto theater world(20%.png|04_data/images/character_art/elements_equipment/rate: 24.8%).png,Obtain,04_data/images/character_art/elements_equipment/obtain.png,,,"IDA 스쿨, Staff, Water",2022/05/19
수제트 ES,Suzette (Extra Style),04_data/images/character_art/수제트 ES.png,5★,Light,04_data/images/character_art/elements_equipment/light.png,Obtain,04_data/images/character_art/elements_equipment/obtain.png,,,"Sweet tooth, 미식, Lost Laboratory, Lance, Wind",2022/05/19
은빛을 휘감은 번개술사,Silver Striker,04_data/images/character_art/은빛을 휘감은 번개술사.png,5★,"Water,Thunder",04_data/images/character_art/elements_equipment/water.png|04_data/images/character_art/elements_equipment/thunder.png,Obtain,04_data/images/character_art/elements_equipment/obtain.png,,,"Lost Laboratory, Machinery, Bow, Water, Thunder",2022/04/27
별이,Starky,04_data/images/character_art/별이.png,5★,"Light- farmable ▽(expand)▽Dreamslip Tower of Time(10%20%)Toto Theater World(20%, rate: 24.8%)",04_data/images/character_art/elements_equipment/light- farmable ▽(expand)▽dreamslip tower of time(10%20%)toto theater world(20%.png|04_data/images/character_art/elements_equipment/rate: 24.8%).png,Obtain,04_data/images/character_art/elements_equipment/obtain.png,,,"Scars of the Wheel of Time, Staff, Crystal",2022/04/27
보라 의상의 창술사,Violet Lancer,04_data/images/character_art/보라 의상의 창술사.png,5★,Earth,04_data/images/character_art/elements_equipment/earth.png,Obtain,04_data/images/character_art/elements_equipment/obtain.png,,,"기억 상실, Lost Laboratory, Lance, Earth",2022/04/15
플람라피스,Flammelapis,04_data/images/character_art/플람라피스.png,5★,Light,04_data/images/character_art/elements_equipment/light.png,Obtain,04_data/images/character_art/elements_equipment/obtain.png,,,"Clergy, Demon Sword, Glutton, 타이탄, Staff, Water",2022/04/07
미스트레아 AS,Mistrare (Another Style),04_data/images/character_art/미스트레아 AS.png,5★,"Wind,Crystal",04_data/images/character_art/elements_equipment/wind.png|04_data/images/character_art/elements_equipment/crystal.png,Obtain,04_data/images/character_art/elements_equipment/obtain.png,,,"Minstrel, 독서가, Nicknamer, West, Bow, Wind, Crystal",2022/03/28
푸른 빛의 낫잡이,Cyan Scyther,04_data/images/character_art/푸른 빛의 낫잡이.png,5★,Wind,04_data/images/character_art/elements_equipment/wind.png,Obtain,04_data/images/character_art/elements_equipment/obtain.png,,,"Sweet tooth, 미식, Lost Laboratory, Ax, Wind",2022/03/16
빨간 외투의 화염술사,Red Clad Flam.,04_data/images/character_art/빨간 외투의 화염술사.png,5★,"Fire,Crystal",04_data/images/character_art/elements_equipment/fire.png|04_data/images/character_art/elements_equipment/crystal.png,Obtain,04_data/images/character_art/elements_equipment/obtain.png,,,"IDA 스쿨, 총, 후드, Lost Laboratory, Fists, Fire, Crystal",2022/02/25
제빌로 AS,Zeviro (Another Style),04_data/images/character_art/제빌로 AS.png,5★,Water,04_data/images/character_art/elements_equipment/water.png,Obtain,04_data/images/character_art/elements_equipment/obtain.png,,,"마수, 후드, 프리아레스, Ax, Water",2022/02/15
검은 옷의 칼잡이,Black Clad Sw.,04_data/images/character_art/검은 옷의 칼잡이.png,5★,"Earth,Shade",04_data/images/character_art/elements_equipment/earth.png|04_data/images/character_art/elements_equipment/shade.png,Obtain,04_data/images/character_art/elements_equipment/obtain.png,,,"Lost Laboratory, Power to Rule, Katana, Earth, Shade",2022/02/07
에바,Eva,04_data/images/character_art/에바.png,5★ SA,Light,04_data/images/character_art/elements_equipment/light.png,Obtain,04_data/images/character_art/elements_equipment/obtain.png,,,"용, Staff, Water, Crystal",2022/01/28
큐리오,Curio,04_data/images/character_art/큐리오.png,5★,"Light- farmable ▽(expand)▽Iscariot(20%)Sapient Complex: Midnight(20%)Toto Theater World(20%, rate: 24.8%)",04_data/images/character_art/elements_equipment/light- farmable ▽(expand)▽iscariot(20%)sapient complex: midnight(20%)toto theater world(20%.png|04_data/images/character_art/elements_equipment/rate: 24.8%).png,Obtain,04_data/images/character_art/elements_equipment/obtain.png,,,"IDA 스쿨, Sweet tooth, 독서가, Lost Laboratory, Power to Rule, Katana, Wind, Shade",2022/01/19
이스카 ES,Isuka (Extra Style),04_data/images/character_art/이스카 ES.png,5★,Linaria(4)Curio(4)Claude ES(3)Ruina(3)Red Clad Flam.(3)Cynthia(2)Elseal(2)Moonlight Flower(2)Forlorn Thespian(2)Claude(2)Dewey(2)Sevyn(2),04_data/images/character_art/elements_equipment/linaria(4)curio(4)claude es(3)ruina(3)red clad flam.(3)cynthia(2)elseal(2)moonlight flower(2)forlorn thespian(2)claude(2)dewey(2)sevyn(2).png,Obtain,04_data/images/character_art/elements_equipment/obtain.png,,,"IDA 스쿨, 독서가, COA, Lost Laboratory, Power to Rule, Katana, Wind",2022/01/19
히나기쿠,Daisy,04_data/images/character_art/히나기쿠.png,5★,Earth,04_data/images/character_art/elements_equipment/earth.png,Obtain,04_data/images/character_art/elements_equipment/obtain.png,,,"Dog lover, 프리아레스, Spicy Lover, Hammer, Earth",2022/01/07
레비아 AS,Levia (Another Style),04_data/images/character_art/레비아 AS.png,5★,"Light- farmable ▽(expand)▽Toto Theater World(20%, rate: 24.8%)",04_data/images/character_art/elements_equipment/light- farmable ▽(expand)▽toto theater world(20%.png|04_data/images/character_art/elements_equipment/rate: 24.8%).png,Obtain,04_data/images/character_art/elements_equipment/obtain.png,,,"용궁, 기억 상실, Bind, Fishman, Staff, Water",2021/12/17
나기 ES,Nagi (Extra Style),04_data/images/character_art/나기 ES.png,5★,"Water,Crystal",04_data/images/character_art/elements_equipment/water.png|04_data/images/character_art/elements_equipment/crystal.png,Obtain,04_data/images/character_art/elements_equipment/obtain.png,,,"용궁, Glutton, 왕족, Ax, Earth",2021/12/17
츠쿠요미,Harle,04_data/images/character_art/츠쿠요미.png,5★,"Fire,Shade",04_data/images/character_art/elements_equipment/fire.png|04_data/images/character_art/elements_equipment/shade.png,Obtain,04_data/images/character_art/elements_equipment/obtain.png,,,"New Time Drift, Scars of the Wheel of Time, Staff, Fire, Shade",2021/12/09
키드,Kid,04_data/images/character_art/키드.png,5★,"Light- farmable ▽(expand)▽Dreamslip Tower of Time(10%20%)Toto Theater World(20%, rate: 24.8%)",04_data/images/character_art/elements_equipment/light- farmable ▽(expand)▽dreamslip tower of time(10%20%)toto theater world(20%.png|04_data/images/character_art/elements_equipment/rate: 24.8%).png,Obtain,04_data/images/character_art/elements_equipment/obtain.png,,,"New Radical Dreamers, Scars of the Wheel of Time, Katana, Fire",2021/12/09
키쿄 AS,Kikyo (Another Style),04_data/images/character_art/키쿄 AS.png,5★,Light,04_data/images/character_art/elements_equipment/light.png,Obtain,04_data/images/character_art/elements_equipment/obtain.png,,,"Cat lover, 동방, Avenger, Mounted, Ax, Wind",2021/12/09
세르주,Serge,04_data/images/character_art/세르주.png,5★,"Light- farmable ▽(expand)▽Dreamslip Tower of Time(10%20%)Toto Theater World(20%, rate: 24.8%)",04_data/images/character_art/elements_equipment/light- farmable ▽(expand)▽dreamslip tower of time(10%20%)toto theater world(20%.png|04_data/images/character_art/elements_equipment/rate: 24.8%).png,Obtain,04_data/images/character_art/elements_equipment/obtain.png,,,"New Radical Dreamers, New Time Drift, Scars of the Wheel of Time, Sword",2021/12/09
피치카,Pizzica,04_data/images/character_art/피치카.png,5★,Light,04_data/images/character_art/elements_equipment/light.png,Obtain,04_data/images/character_art/elements_equipment/obtain.png,,,"Minstrel, 북방, Bow, Fire",2021/11/17
시에라 AS,Sheila (Another Style),04_data/images/character_art/시에라 AS.png,5★,"Light- farmable ▽(expand)▽Dragon Palace(10%20%)Sea of Ice(20%)Toto Theater World(20%, rate: 24.8%)",04_data/images/character_art/elements_equipment/light- farmable ▽(expand)▽dragon palace(10%20%)sea of ice(20%)toto theater world(20%.png|04_data/images/character_art/elements_equipment/rate: 24.8%).png,Obtain,04_data/images/character_art/elements_equipment/obtain.png,,,"용궁, Fishman, 왕족, Lance, Water",2021/11/17
하디 AS,Hardy (Another Style),04_data/images/character_art/하디 AS.png,5★,Fire,04_data/images/character_art/elements_equipment/fire.png,Obtain,04_data/images/character_art/elements_equipment/obtain.png,,,"Sweet tooth, Dog lover, 총, 무법자, Weapons, Zoology, Fists, Fire",2021/11/04
치요 AS,Chiyo (Another Style),04_data/images/character_art/치요 AS.png,5★,Light,04_data/images/character_art/elements_equipment/light.png,Obtain,04_data/images/character_art/elements_equipment/obtain.png,,,"용궁, Staff, Earth",2021/10/18
빅트 AS,Victor (Another Style),04_data/images/character_art/빅트 AS.png,5★,"Wind,Thunder",04_data/images/character_art/elements_equipment/wind.png|04_data/images/character_art/elements_equipment/thunder.png,Obtain,04_data/images/character_art/elements_equipment/obtain.png,,,"바르오키, Cursed, Katana, Wind, Thunder",2021/09/17
밍화 AS,Myunfa (Another Style),04_data/images/character_art/밍화 AS.png,5★,Light,04_data/images/character_art/elements_equipment/light.png,Obtain,04_data/images/character_art/elements_equipment/obtain.png,,,"동방, Bind, Land of Shin, 상사병, Hammer, Earth",2021/09/06
가람배럴,Garambarrel,04_data/images/character_art/가람배럴.png,5★,Light,04_data/images/character_art/elements_equipment/light.png,Obtain,04_data/images/character_art/elements_equipment/obtain.png,,,"동방, Cursed, 타이탄, Lance, Wind",2021/08/27
네코코,Necoco,04_data/images/character_art/네코코.png,5★,Light,04_data/images/character_art/elements_equipment/light.png,Obtain,04_data/images/character_art/elements_equipment/obtain.png,,,"Cat lover, 동방, Animal Talker, Fairy, Land of Mi, Ax, Earth",2021/08/18
츠키하 ES,Tsukiha (Extra Style),04_data/images/character_art/츠키하 ES.png,5★,Wind,04_data/images/character_art/elements_equipment/wind.png,Obtain,04_data/images/character_art/elements_equipment/obtain.png,,,"동방, 가면, Avenger, Cursed, Fairy, Land of Ro, 왕족, Katana, Fire",2021/08/18
츠바메 AS,Tsubame (Another Style),04_data/images/character_art/츠바메 AS.png,5★,Light,04_data/images/character_art/elements_equipment/light.png,Obtain,04_data/images/character_art/elements_equipment/obtain.png,,,"동방, Glutton, Land of Mi, Ninja, Fists, Earth",2021/08/06
멜로디,Melody,04_data/images/character_art/멜로디.png,5★,Light,04_data/images/character_art/elements_equipment/light.png,Obtain,04_data/images/character_art/elements_equipment/obtain.png,,,"IDA 스쿨, Estrangement, Staff, Wind",2021/07/27
클라르테 AS,Clarte (Another Style),04_data/images/character_art/클라르테 AS.png,5★,"Shadow- farmable ▽(expand)▽Antiquity Zerberiya Continent: Crystal(20%)Antiquity Zerberiya Continent: Shade(20%)Antiquity Zerberiya Continent: Thunder(20%)City of Lost Paradise(20%)Toto Theater World(20%, rate: 24.8%)",04_data/images/character_art/elements_equipment/shadow- farmable ▽(expand)▽antiquity zerberiya continent: crystal(20%)antiquity zerberiya continent: shade(20%)antiquity zerberiya continent: thunder(20%)city of lost paradise(20%)toto theater world(20%.png|04_data/images/character_art/elements_equipment/rate: 24.8%).png,Obtain,04_data/images/character_art/elements_equipment/obtain.png,,,"기억 상실, 지오, West, Staff, Earth, Crystal",2021/07/15
틸릴 AS,Thillelille (Another Style),04_data/images/character_art/틸릴 AS.png,5★,"Fire,Shade",04_data/images/character_art/elements_equipment/fire.png|04_data/images/character_art/elements_equipment/shade.png,Obtain,04_data/images/character_art/elements_equipment/obtain.png,,,"Clergy, Sweet tooth, West, Sword, Fire, Shade",2021/07/15
티라미수 AS,Tiramisu (Another Style),04_data/images/character_art/티라미수 AS.png,5★,Light,04_data/images/character_art/elements_equipment/light.png,Obtain,04_data/images/character_art/elements_equipment/obtain.png,,,"Sweet tooth, 용, Lance, Earth",2021/07/06
시구레 AS,Shigure (Another Style),04_data/images/character_art/시구레 AS.png,5★ SA,Light,04_data/images/character_art/elements_equipment/light.png,Obtain,04_data/images/character_art/elements_equipment/obtain.png,,,"Cat lover, 죽마고우, 동방, Itto-Ryu, Land of Mi, Mounted, Spicy Lover, Katana, Water",2021/06/17
메리나 ES,Melina (Extra Style),04_data/images/character_art/메리나 ES.png,5★,"Water,Thunder",04_data/images/character_art/elements_equipment/water.png|04_data/images/character_art/elements_equipment/thunder.png,Obtain,04_data/images/character_art/elements_equipment/obtain.png,,,"Clergy, Minstrel, Sweet tooth, Miner, 왕족, West, Hammer, Water",2021/06/07
듀나리스 AS,Dunarith (Another Style),04_data/images/character_art/듀나리스 AS.png,5★,Wind,04_data/images/character_art/elements_equipment/wind.png,Obtain,04_data/images/character_art/elements_equipment/obtain.png,,,"마수, Animal Talker, 장례, 프리아레스, Staff, Wind",2021/05/26
이벨라,Ewella,04_data/images/character_art/이벨라.png,5★,Light,04_data/images/character_art/elements_equipment/light.png,Obtain,04_data/images/character_art/elements_equipment/obtain.png,,,"엘프, Lance, Water, Crystal",2021/05/19
미유 AS,Miyu (Another Style),04_data/images/character_art/미유 AS.png,5★,Light,04_data/images/character_art/elements_equipment/light.png,Obtain,04_data/images/character_art/elements_equipment/obtain.png,,,"미글렌스 왕궁, 왕족, Sword, Fire",2021/05/11
라디카 AS,Radica (Another Style),04_data/images/character_art/라디카 AS.png,5★,Fire,04_data/images/character_art/elements_equipment/fire.png,Obtain,04_data/images/character_art/elements_equipment/obtain.png,,,"엘프, 상사병, Staff, Fire",2021/04/28
히스메나 AS,Hismena (Another Style),04_data/images/character_art/히스메나 AS.png,5★,Light,04_data/images/character_art/elements_equipment/light.png,Obtain,04_data/images/character_art/elements_equipment/obtain.png,,,"IDA 스쿨, Lance, Water",2021/04/20
미르샤,Milsha,04_data/images/character_art/미르샤.png,5★,"Earth,Shade",04_data/images/character_art/elements_equipment/earth.png|04_data/images/character_art/elements_equipment/shade.png,Obtain,04_data/images/character_art/elements_equipment/obtain.png,,,"Minstrel, Fishman, West, Lance, Earth, Shade",2021/04/09
유인 AS,Ewan (Another Style),04_data/images/character_art/유인 AS.png,5★,Fire,04_data/images/character_art/elements_equipment/fire.png,Obtain,04_data/images/character_art/elements_equipment/obtain.png,,,"안경, Sweet tooth, Cursed, Miner, Weapons, Hammer, Fire",2021/03/30
이루루 AS,Ilulu (Another Style),04_data/images/character_art/이루루 AS.png,5★,Wind,04_data/images/character_art/elements_equipment/wind.png,Obtain,04_data/images/character_art/elements_equipment/obtain.png,,,"가면, 후드, 프리아레스, Ax, Wind",2021/03/22
호오즈키 AS,Hozuki (Another Style),04_data/images/character_art/호오즈키 AS.png,5★,Light,04_data/images/character_art/elements_equipment/light.png,Obtain,04_data/images/character_art/elements_equipment/obtain.png,,,"요리, 동방, Fairy, Land of Shin, Spicy Lover, Bow, Fire",2021/03/10
로제타 AS,Rosetta (Another Style),04_data/images/character_art/로제타 AS.png,5★,Fire,04_data/images/character_art/elements_equipment/fire.png,Obtain,04_data/images/character_art/elements_equipment/obtain.png,,,"Cat lover, Clergy, Sharp Ears, West, Staff, Fire",2021/02/10
멜리사,Melissa,04_data/images/character_art/멜리사.png,5★ SA,"Wind,Crystal",04_data/images/character_art/elements_equipment/wind.png|04_data/images/character_art/elements_equipment/crystal.png,Obtain,04_data/images/character_art/elements_equipment/obtain.png,,,"합성인간, KMS, Katana, Wind, Crystal",2021/01/29
히이나,Heena,04_data/images/character_art/히이나.png,5★,Wind,04_data/images/character_art/elements_equipment/wind.png,Obtain,04_data/images/character_art/elements_equipment/obtain.png,,,"동방, Land of Ro, Machinery, Katana, Wind",2021/01/20
유키노,Yukino,04_data/images/character_art/유키노.png,5★,Light,04_data/images/character_art/elements_equipment/light.png,Obtain,04_data/images/character_art/elements_equipment/obtain.png,,,"동방, Fairy, Bow, Water",2021/01/12
츠키하 AS,Tsukiha (Another Style),04_data/images/character_art/츠키하 AS.png,5★,Fire,04_data/images/character_art/elements_equipment/fire.png,Obtain,04_data/images/character_art/elements_equipment/obtain.png,,,"동방, 가면, Avenger, Cursed, Fairy, Land of Ro, 왕족, Katana, Fire",2020/12/25
베르트랑 AS,Bertrand (Another Style),04_data/images/character_art/베르트랑 AS.png,5★,Light,04_data/images/character_art/elements_equipment/light.png,Obtain,04_data/images/character_art/elements_equipment/obtain.png,,,"미글렌스 왕궁, 방패, Lance, Earth",2020/12/17
클레스,Cress,04_data/images/character_art/클레스.png,5★,"Light- farmable ▽(expand)▽Forgotten Tale: Unborn Visions(10%20%)Toto Theater World(20%, rate: 24.8%)",04_data/images/character_art/elements_equipment/light- farmable ▽(expand)▽forgotten tale: unborn visions(10%20%)toto theater world(20%.png|04_data/images/character_art/elements_equipment/rate: 24.8%).png,Obtain,04_data/images/character_art/elements_equipment/obtain.png,,,"Concerto Artes, 테일즈 오브, Sword, Fire",2020/12/17
미라,Milla,04_data/images/character_art/미라.png,5★,"Light- farmable ▽(expand)▽Forgotten Tale: Unborn Visions(10%20%)Toto Theater World(20%, rate: 24.8%)",04_data/images/character_art/elements_equipment/light- farmable ▽(expand)▽forgotten tale: unborn visions(10%20%)toto theater world(20%.png|04_data/images/character_art/elements_equipment/rate: 24.8%).png,Obtain,04_data/images/character_art/elements_equipment/obtain.png,,,"Concerto Artes, 테일즈 오브, Sword, Water",2020/12/17
벨벳,Velvet,04_data/images/character_art/벨벳.png,5★,Earth,04_data/images/character_art/elements_equipment/earth.png,Obtain,04_data/images/character_art/elements_equipment/obtain.png,,,"Concerto Artes, 테일즈 오브, Sword, Earth",2020/12/17
유리,Yuri,04_data/images/character_art/유리.png,5★,Wind,04_data/images/character_art/elements_equipment/wind.png,Obtain,04_data/images/character_art/elements_equipment/obtain.png,,,"Concerto Artes, 테일즈 오브, Katana, Wind",2020/12/17
클라르테,Clarte,04_data/images/character_art/클라르테.png,5★,"Shadow- farmable ▽(expand)▽Antiquity Zerberiya Continent: Crystal(20%)Antiquity Zerberiya Continent: Shade(20%)Antiquity Zerberiya Continent: Thunder(20%)City of Lost Paradise(20%)Toto Theater World(20%, rate: 24.8%)",04_data/images/character_art/elements_equipment/shadow- farmable ▽(expand)▽antiquity zerberiya continent: crystal(20%)antiquity zerberiya continent: shade(20%)antiquity zerberiya continent: thunder(20%)city of lost paradise(20%)toto theater world(20%.png|04_data/images/character_art/elements_equipment/rate: 24.8%).png,Obtain,04_data/images/character_art/elements_equipment/obtain.png,,,"기억 상실, 지오, West, Staff, Earth, Crystal",2020/11/25
미스트레아,Mistrare,04_data/images/character_art/미스트레아.png,5★,"Wind,Crystal",04_data/images/character_art/elements_equipment/wind.png|04_data/images/character_art/elements_equipment/crystal.png,Obtain,04_data/images/character_art/elements_equipment/obtain.png,,,"Minstrel, 독서가, Nicknamer, West, Bow, Wind, Crystal",2020/11/25
스컬,Skull,04_data/images/character_art/스컬.png,5★,"Light- farmable ▽(expand)▽Mementos(10%20%)Toto Theater World(20%, rate: 24.8%)",04_data/images/character_art/elements_equipment/light- farmable ▽(expand)▽mementos(10%20%)toto theater world(20%.png|04_data/images/character_art/elements_equipment/rate: 24.8%).png,Obtain,04_data/images/character_art/elements_equipment/obtain.png,,,"가면, 마음의 괴도단, 총, Hammer, Thunder",2020/11/17
빅트,Victor,04_data/images/character_art/빅트.png,5★,"Wind,Thunder",04_data/images/character_art/elements_equipment/wind.png|04_data/images/character_art/elements_equipment/thunder.png,Obtain,04_data/images/character_art/elements_equipment/obtain.png,,,"바르오키, Cursed, Katana, Wind, Thunder",2020/11/17
바이올렛,Violet,04_data/images/character_art/바이올렛.png,5★,"Light- farmable ▽(expand)▽Mementos(10%20%)Toto Theater World(20%, rate: 24.8%)",04_data/images/character_art/elements_equipment/light- farmable ▽(expand)▽mementos(10%20%)toto theater world(20%.png|04_data/images/character_art/elements_equipment/rate: 24.8%).png,Obtain,04_data/images/character_art/elements_equipment/obtain.png,,,"가면, 마음의 괴도단, Glutton, 총, Sword, Earth",2020/11/17
포란 AS,Foran (Another Style),04_data/images/character_art/포란 AS.png,5★,Light,04_data/images/character_art/elements_equipment/light.png,Obtain,04_data/images/character_art/elements_equipment/obtain.png,,,"IDA 스쿨, Cat Hater, Lance, Water",2020/11/05
틸릴,Thillelille,04_data/images/character_art/틸릴.png,5★,"Fire,Shade",04_data/images/character_art/elements_equipment/fire.png|04_data/images/character_art/elements_equipment/shade.png,Obtain,04_data/images/character_art/elements_equipment/obtain.png,,,"Clergy, Sweet tooth, West, Sword, Fire, Shade",2020/11/05
시엘 AS,Ciel (Another Style),04_data/images/character_art/시엘 AS.png,5★,Light,04_data/images/character_art/elements_equipment/light.png,Obtain,04_data/images/character_art/elements_equipment/obtain.png,,,"Minstrel, Bow, Earth",2020/10/27
유인,Yipha,04_data/images/character_art/유인.png,5★,Light,04_data/images/character_art/elements_equipment/light.png,Obtain,04_data/images/character_art/elements_equipment/obtain.png,,,"Clergy, 상사병, Nicknamer, Spicy Lover, Hammer, Wind",2020/10/14
섀넌 AS,Shannon (Another Style),04_data/images/character_art/섀넌 AS.png,5★,Light,04_data/images/character_art/elements_equipment/light.png,Obtain,04_data/images/character_art/elements_equipment/obtain.png,,,"Cat lover, 미술, KMS, Sword, Wind",2020/09/30
하디,Hardy,04_data/images/character_art/하디.png,5★,Fire,04_data/images/character_art/elements_equipment/fire.png,Obtain,04_data/images/character_art/elements_equipment/obtain.png,,,"Sweet tooth, Dog lover, 총, 무법자, Weapons, Zoology, Fists, Fire",2020/09/17
소피아,Sophia,04_data/images/character_art/소피아.png,5★,"None,Water",04_data/images/character_art/elements_equipment/none.png|04_data/images/character_art/elements_equipment/water.png,Obtain,04_data/images/character_art/elements_equipment/obtain.png,,,"미술, Bind, 미식, Weapons, Zoology, Ax, Water",2020/09/17
신시아,Cynthia,04_data/images/character_art/신시아.png,5★,Light,04_data/images/character_art/elements_equipment/light.png,Obtain,04_data/images/character_art/elements_equipment/obtain.png,,,"미술, Bind, 독서가, 미식, 왕족, Sword, Wind",2020/09/09
베이나 AS,Veina (Another Style),04_data/images/character_art/베이나 AS.png,5★,Light,04_data/images/character_art/elements_equipment/light.png,Obtain,04_data/images/character_art/elements_equipment/obtain.png,,,"엘프, 독서가, Forager, Zoology, Staff, Wind",2020/08/31
제빌로,Zeviro,04_data/images/character_art/제빌로.png,5★,Water,04_data/images/character_art/elements_equipment/water.png,Obtain,04_data/images/character_art/elements_equipment/obtain.png,,,"마수, 후드, 프리아레스, Ax, Water",2020/08/20
아나벨 AS,Anabel (Another Style),04_data/images/character_art/아나벨 AS.png,5★,Light,04_data/images/character_art/elements_equipment/light.png,Obtain,04_data/images/character_art/elements_equipment/obtain.png,,,"미글렌스 왕궁, Sweet tooth, Mounted, 방패, Sword, Water",2020/08/06
Radi AS,Radias,04_data/images/character_art/Radi AS.png,5★,Light,04_data/images/character_art/elements_equipment/light.png,Obtain,04_data/images/character_art/elements_equipment/obtain.png,,,"미글렌스 왕궁, 방패, Sword, Fire",2020/07/28
뮬루스 AS,Myrus (Another Style),04_data/images/character_art/뮬루스 AS.png,5★,Light,04_data/images/character_art/elements_equipment/light.png,Obtain,04_data/images/character_art/elements_equipment/obtain.png,,,"마수, Staff, Earth",2020/07/17
렌리 AS,Renri (Another Style),04_data/images/character_art/렌리 AS.png,5★,Light,04_data/images/character_art/elements_equipment/light.png,Obtain,04_data/images/character_art/elements_equipment/obtain.png,,,"안경, Sweet tooth, COA, Ax, Fire",2020/07/09
티라미수,Tiramisu,04_data/images/character_art/티라미수.png,5★ SA,Light,04_data/images/character_art/elements_equipment/light.png,Obtain,04_data/images/character_art/elements_equipment/obtain.png,,,"Sweet tooth, 용, Lance, Earth",2020/07/01
엘가 AS,Elga (Another Style),04_data/images/character_art/엘가 AS.png,5★,Earth,04_data/images/character_art/elements_equipment/earth.png,Obtain,04_data/images/character_art/elements_equipment/obtain.png,,,"Cat lover, 기억 상실, 후드, Katana, Earth",2020/06/18
펠미나 AS,Felmina (Another Style),04_data/images/character_art/펠미나 AS.png,5★,Wind,04_data/images/character_art/elements_equipment/wind.png,Obtain,04_data/images/character_art/elements_equipment/obtain.png,,,"미글렌스 왕궁, 후드, Ninja, 무법자, Fists, Wind",2020/05/29
밍화,Myunfa,04_data/images/character_art/밍화.png,5★,Light,04_data/images/character_art/elements_equipment/light.png,Obtain,04_data/images/character_art/elements_equipment/obtain.png,,,"동방, Bind, Land of Shin, 상사병, Hammer, Earth",2020/05/20
세티 AS,Cetie (Another Style),04_data/images/character_art/세티 AS.png,5★,Light,04_data/images/character_art/elements_equipment/light.png,Obtain,04_data/images/character_art/elements_equipment/obtain.png,,,"안경, COA, Mounted, Lance, Fire",2020/05/12
알테나,Altena,04_data/images/character_art/알테나.png,5★,,,Obtain,04_data/images/character_art/elements_equipment/obtain.png,,,"마수, Demon Sword, 왕족, Spirit Talker, Bow",2020/04/24
키쿄,Kikyo,04_data/images/character_art/키쿄.png,5★,Light,04_data/images/character_art/elements_equipment/light.png,Obtain,04_data/images/character_art/elements_equipment/obtain.png,,,"Cat lover, 동방, Avenger, Mounted, Ax, Wind",2020/04/24
니케 AS,Nikeh (Another Style),04_data/images/character_art/니케 AS.png,5★,Water,04_data/images/character_art/elements_equipment/water.png,Obtain,04_data/images/character_art/elements_equipment/obtain.png,,,"동방, 무법자, Katana, Water",2020/04/24
Strawboy (Magic),Strawboy (Magic),04_data/images/character_art/Strawboy (Magic).png,5★,"Light- farmable ▽(expand)▽Toto Theater World(20%, rate: 24.8%)",04_data/images/character_art/elements_equipment/light- farmable ▽(expand)▽toto theater world(20%.png|04_data/images/character_art/elements_equipment/rate: 24.8%).png,Obtain,04_data/images/character_art/elements_equipment/obtain.png,,,"동방, Straw Dummy, Fists",2020/04/24
Strawboy (Slash),Strawboy (Slash),04_data/images/character_art/Strawboy (Slash).png,5★,"Light- farmable ▽(expand)▽Toto Theater World(20%, rate: 24.8%)",04_data/images/character_art/elements_equipment/light- farmable ▽(expand)▽toto theater world(20%.png|04_data/images/character_art/elements_equipment/rate: 24.8%).png,Obtain,04_data/images/character_art/elements_equipment/obtain.png,,,"동방, Straw Dummy, Fists",2020/04/24
Strawboy (Blunt),Strawboy (Blunt),04_data/images/character_art/Strawboy (Blunt).png,5★,"Light- farmable ▽(expand)▽Toto Theater World(20%, rate: 24.8%)",04_data/images/character_art/elements_equipment/light- farmable ▽(expand)▽toto theater world(20%.png|04_data/images/character_art/elements_equipment/rate: 24.8%).png,Obtain,04_data/images/character_art/elements_equipment/obtain.png,,,"동방, Straw Dummy, Fists",2020/04/24
Strawboy (Pierce),Strawboy (Pierce),04_data/images/character_art/Strawboy (Pierce).png,5★,"Light- farmable ▽(expand)▽Toto Theater World(20%, rate: 24.8%)",04_data/images/character_art/elements_equipment/light- farmable ▽(expand)▽toto theater world(20%.png|04_data/images/character_art/elements_equipment/rate: 24.8%).png,Obtain,04_data/images/character_art/elements_equipment/obtain.png,,,"동방, Straw Dummy, Fists",2020/04/24
Strawboy (Healer),Strawboy (Healer),04_data/images/character_art/Strawboy (Healer).png,5★,"Light- farmable ▽(expand)▽Toto Theater World(20%, rate: 24.8%)",04_data/images/character_art/elements_equipment/light- farmable ▽(expand)▽toto theater world(20%.png|04_data/images/character_art/elements_equipment/rate: 24.8%).png,Obtain,04_data/images/character_art/elements_equipment/obtain.png,,,"동방, Straw Dummy, Fists",2020/04/24
클로드 AS,Claude (Another Style),04_data/images/character_art/클로드 AS.png,5★,Light,04_data/images/character_art/elements_equipment/light.png,Obtain,04_data/images/character_art/elements_equipment/obtain.png,,,"IDA 스쿨, 독서가, 용, 왕족, Bow, Wind",2020/04/14
프레메아,Premaya,04_data/images/character_art/프레메아.png,5★,Light,04_data/images/character_art/elements_equipment/light.png,Obtain,04_data/images/character_art/elements_equipment/obtain.png,,,"요리, Lost Laboratory, Machinery, Bow, Earth",2020/04/02
가리유 AS,Gariyu (Another Style),04_data/images/character_art/가리유 AS.png,5★,Fire,04_data/images/character_art/elements_equipment/fire.png,Obtain,04_data/images/character_art/elements_equipment/obtain.png,,,"용, Staff, Fire",2020/03/24
유나 AS,Yuna (Another Style),04_data/images/character_art/유나 AS.png,5★,Light,04_data/images/character_art/elements_equipment/light.png,Obtain,04_data/images/character_art/elements_equipment/obtain.png,,,"Clergy, 동방, Estrangement, Staff",2020/03/24
셰이네 AS,Shanie (Another Style),04_data/images/character_art/셰이네 AS.png,5★,Light,04_data/images/character_art/elements_equipment/light.png,Obtain,04_data/images/character_art/elements_equipment/obtain.png,,,"Cursed, 상사병, Sword, Water",2020/03/11
루이나 AS,Ruina (Another Style),04_data/images/character_art/루이나 AS.png,5★,Claude ES(3)Cynthia(3)Isuka ES(3)Melpiphia(3)Claude(3)Curio(3)Isuka(3)Sevyn(3)Veina(3)Breeno(2)Elseal(2)Moonlight Flower(2)Joker(2)Linaria(2)Forlorn Thespian(2)Cerrine(2)Dewey(2)Empel(2),04_data/images/character_art/elements_equipment/claude es(3)cynthia(3)isuka es(3)melpiphia(3)claude(3)curio(3)isuka(3)sevyn(3)veina(3)breeno(2)elseal(2)moonlight flower(2)joker(2)linaria(2)forlorn thespian(2)cerrine(2)dewey(2)empel(2).png,Obtain,04_data/images/character_art/elements_equipment/obtain.png,,,"엘프, 안경, IDA 스쿨, 독서가, Sword, Wind",2020/03/03
히스메나,Hismena,04_data/images/character_art/히스메나.png,5★ SA,Light,04_data/images/character_art/elements_equipment/light.png,Obtain,04_data/images/character_art/elements_equipment/obtain.png,,,"IDA 스쿨, Lance, Water",2020/02/21
마나,Mana,04_data/images/character_art/마나.png,5★,"Light- farmable ▽(expand)▽Toto Theater World(20%, rate: 24.8%)",04_data/images/character_art/elements_equipment/light- farmable ▽(expand)▽toto theater world(20%.png|04_data/images/character_art/elements_equipment/rate: 24.8%).png,Obtain,04_data/images/character_art/elements_equipment/obtain.png,,,"IDA 스쿨, Bow",2020/02/21
마리엘 AS,Mariel (Another Style),04_data/images/character_art/마리엘 AS.png,5★,Light,04_data/images/character_art/elements_equipment/light.png,Obtain,04_data/images/character_art/elements_equipment/obtain.png,,,"Cat lover, Clergy, Staff",2020/02/21
듀나리스,Dunarith,04_data/images/character_art/듀나리스.png,5★,Wind,04_data/images/character_art/elements_equipment/wind.png,Obtain,04_data/images/character_art/elements_equipment/obtain.png,,,"마수, Animal Talker, 장례, 프리아레스, Staff, Wind",2020/02/10
로키드 AS,Lokido (Another Style),04_data/images/character_art/로키드 AS.png,5★,Light,04_data/images/character_art/elements_equipment/light.png,Obtain,04_data/images/character_art/elements_equipment/obtain.png,,,"마수, Avenger, Fists, Earth",2020/01/29
러블리,Lovely,04_data/images/character_art/러블리.png,5★,Light,04_data/images/character_art/elements_equipment/light.png,Obtain,04_data/images/character_art/elements_equipment/obtain.png,,,"요리, 드워프, Nicknamer, Fists, Fire",2020/01/22
필로,Philo,04_data/images/character_art/필로.png,5★,Light,04_data/images/character_art/elements_equipment/light.png,Obtain,04_data/images/character_art/elements_equipment/obtain.png,,,"Woodcutter, Ax, Water",2020/01/10
나기 AS,Nagi (Another Style),04_data/images/character_art/나기 AS.png,5★,Earth,04_data/images/character_art/elements_equipment/earth.png,Obtain,04_data/images/character_art/elements_equipment/obtain.png,,,"용궁, Glutton, 왕족, Ax, Earth",2019/12/28
아카네 AS,Akane (Another Style),04_data/images/character_art/아카네 AS.png,5★,Light,04_data/images/character_art/elements_equipment/light.png,Obtain,04_data/images/character_art/elements_equipment/obtain.png,,,"동방, Itto-Ryu, Land of Mi, Katana, Fire",2019/12/19
조커,Joker,04_data/images/character_art/조커.png,5★,"None, Fire",04_data/images/character_art/elements_equipment/none.png|04_data/images/character_art/elements_equipment/fire.png,Obtain,04_data/images/character_art/elements_equipment/obtain.png,,,"안경, 가면, 마음의 괴도단, 총, Sword, Fire",2019/12/12
모르가나,Morgana,04_data/images/character_art/모르가나.png,5★,Wind,04_data/images/character_art/elements_equipment/wind.png,Obtain,04_data/images/character_art/elements_equipment/obtain.png,,,"마음의 괴도단, 기억 상실, 상사병, Sword, Wind",2019/12/12
로제타,Rosetta,04_data/images/character_art/로제타.png,5★,Fire,04_data/images/character_art/elements_equipment/fire.png,Obtain,04_data/images/character_art/elements_equipment/obtain.png,,,"Cat lover, Clergy, Sharp Ears, West, Staff, Fire",2019/12/12
시구레,Shigure,04_data/images/character_art/시구레.png,5★,Light,04_data/images/character_art/elements_equipment/light.png,Obtain,04_data/images/character_art/elements_equipment/obtain.png,,,"Cat lover, 죽마고우, 동방, Itto-Ryu, Land of Mi, Mounted, Spicy Lover, Katana, Water",2019/12/05
츠바메,Tsubame,04_data/images/character_art/츠바메.png,5★,Light,04_data/images/character_art/elements_equipment/light.png,Obtain,04_data/images/character_art/elements_equipment/obtain.png,,,"동방, Glutton, Land of Mi, Ninja, Fists, Earth",2019/12/05
메리나 AS,Melina (Another Style),04_data/images/character_art/메리나 AS.png,5★,Water,04_data/images/character_art/elements_equipment/water.png,Obtain,04_data/images/character_art/elements_equipment/obtain.png,,,"Clergy, Minstrel, Sweet tooth, Miner, 왕족, West, Hammer, Water",2019/11/27
비아카,Biaka,04_data/images/character_art/비아카.png,5★,Wind,04_data/images/character_art/elements_equipment/wind.png,Obtain,04_data/images/character_art/elements_equipment/obtain.png,,,"가면, 총, 밀리터리, 무법자, Hammer, Wind",2019/11/14
갤리어드,Galliard,04_data/images/character_art/갤리어드.png,5★ SA,Earth,04_data/images/character_art/elements_equipment/earth.png,Obtain,04_data/images/character_art/elements_equipment/obtain.png,,,"합성인간, 총, Mounted, 무법자, Lance, Earth",2019/11/14
호오즈키,Hozuki,04_data/images/character_art/호오즈키.png,5★,Light,04_data/images/character_art/elements_equipment/light.png,Obtain,04_data/images/character_art/elements_equipment/obtain.png,,,"요리, 동방, Fairy, Land of Shin, Spicy Lover, Bow, Fire",2019/11/08
라클레어 AS,Laclair (Another Style),04_data/images/character_art/라클레어 AS.png,5★,Light,04_data/images/character_art/elements_equipment/light.png,Obtain,04_data/images/character_art/elements_equipment/obtain.png,,,"Avenger, Dog lover, Dragon Killer, Bow, Water",2019/10/31
이루루,Ilulu,04_data/images/character_art/이루루.png,5★,Wind,04_data/images/character_art/elements_equipment/wind.png,Obtain,04_data/images/character_art/elements_equipment/obtain.png,,,"가면, 후드, 프리아레스, Ax, Wind",2019/10/25
라디카,Radica,04_data/images/character_art/라디카.png,5★,Fire,04_data/images/character_art/elements_equipment/fire.png,Obtain,04_data/images/character_art/elements_equipment/obtain.png,,,"엘프, 상사병, Staff, Fire",2019/10/25
노포우족,Nopaew,04_data/images/character_art/노포우족.png,4★,"Light- farmable ▽(expand)▽Dogma Tower(10%20%)Toto Theater World(20%, rate: 24.8%)",04_data/images/character_art/elements_equipment/light- farmable ▽(expand)▽dogma tower(10%20%)toto theater world(20%.png|04_data/images/character_art/elements_equipment/rate: 24.8%).png,Obtain,04_data/images/character_art/elements_equipment/obtain.png,,,"대장간, Estrangement, 후드, Miner, Hammer, Wind",2019/10/25
듀이,Dewey,04_data/images/character_art/듀이.png,5★,Light,04_data/images/character_art/elements_equipment/light.png,Obtain,04_data/images/character_art/elements_equipment/obtain.png,,,"안경, 독서가, 총, Lost Laboratory, 상사병, Fists, Water",2019/10/15
시온 AS,Shion (Another Style),04_data/images/character_art/시온 AS.png,5★,Light,04_data/images/character_art/elements_equipment/light.png,Obtain,04_data/images/character_art/elements_equipment/obtain.png,,,"Cat lover, 죽마고우, 동방, Itto-Ryu, Land of Mi, Mounted, Katana, Fire",2019/10/15
베이나,Veina,04_data/images/character_art/베이나.png,5★,Light,04_data/images/character_art/elements_equipment/light.png,Obtain,04_data/images/character_art/elements_equipment/obtain.png,,,"엘프, 독서가, Forager, Zoology, Staff, Wind",2019/10/03
엘가,Elga,04_data/images/character_art/엘가.png,5★,Earth,04_data/images/character_art/elements_equipment/earth.png,Obtain,04_data/images/character_art/elements_equipment/obtain.png,,,"Cat lover, 기억 상실, 후드, Katana, Earth",2019/09/27
투바 AS,Toova (Another Style),04_data/images/character_art/투바 AS.png,5★,Earth,04_data/images/character_art/elements_equipment/earth.png,Obtain,04_data/images/character_art/elements_equipment/obtain.png,,,"장례, Nicknamer, Spirit-fused, Staff, Earth",2019/09/27
렌리,Renri,04_data/images/character_art/렌리.png,5★ SA,Light,04_data/images/character_art/elements_equipment/light.png,Obtain,04_data/images/character_art/elements_equipment/obtain.png,,,"안경, Sweet tooth, COA, Ax, Fire",2019/09/20
섀넌,Shannon,04_data/images/character_art/섀넌.png,4★,Light,04_data/images/character_art/elements_equipment/light.png,Obtain,04_data/images/character_art/elements_equipment/obtain.png,,,"Cat lover, 미술, KMS, Sword, Wind",2019/09/20
이스카 AS,Isuka (Another Style),04_data/images/character_art/이스카 AS.png,5★,Light,04_data/images/character_art/elements_equipment/light.png,Obtain,04_data/images/character_art/elements_equipment/obtain.png,,,"IDA 스쿨, 독서가, COA, Lost Laboratory, Power to Rule, Katana, Wind",2019/09/13
사키 AS,Saki (Another Style),04_data/images/character_art/사키 AS.png,5★,"Light- farmable ▽(expand)▽Mayu's Dream World(10%20%)Toto Theater World(20%, rate: 24.8%)",04_data/images/character_art/elements_equipment/light- farmable ▽(expand)▽mayu's dream world(10%20%)toto theater world(20%.png|04_data/images/character_art/elements_equipment/rate: 24.8%).png,Obtain,04_data/images/character_art/elements_equipment/obtain.png,,,"IDA 스쿨, Staff, Water",2019/09/13
클로드,Claude,04_data/images/character_art/클로드.png,5★,Light,04_data/images/character_art/elements_equipment/light.png,Obtain,04_data/images/character_art/elements_equipment/obtain.png,,,"IDA 스쿨, 독서가, 용, 왕족, Bow, Wind",2019/08/30
마이티 AS,Mighty (Another Style),04_data/images/character_art/마이티 AS.png,5★,Light,04_data/images/character_art/elements_equipment/light.png,Obtain,04_data/images/character_art/elements_equipment/obtain.png,,,"IDA 스쿨, Napper, Staff, Water",2019/08/30
사키,Saki,04_data/images/character_art/사키.png,4★,"Light- farmable ▽(expand)▽Mayu's Dream World(10%20%)Toto Theater World(20%, rate: 24.8%)",04_data/images/character_art/elements_equipment/light- farmable ▽(expand)▽mayu's dream world(10%20%)toto theater world(20%.png|04_data/images/character_art/elements_equipment/rate: 24.8%).png,Obtain,04_data/images/character_art/elements_equipment/obtain.png,,,"IDA 스쿨, Staff, Water",2019/08/30
츠키하,Tsukiha,04_data/images/character_art/츠키하.png,5★ SA,Fire,04_data/images/character_art/elements_equipment/fire.png,Obtain,04_data/images/character_art/elements_equipment/obtain.png,,,"동방, 가면, Avenger, Cursed, Fairy, Land of Ro, 왕족, Katana, Fire",2019/08/19
베르트랑,Bertrand,04_data/images/character_art/베르트랑.png,5★ SA,Light,04_data/images/character_art/elements_equipment/light.png,Obtain,04_data/images/character_art/elements_equipment/obtain.png,,,"미글렌스 왕궁, 방패, Lance, Earth",2019/08/07
펠미나,Felmina,04_data/images/character_art/펠미나.png,5★,Wind,04_data/images/character_art/elements_equipment/wind.png,Obtain,04_data/images/character_art/elements_equipment/obtain.png,,,"미글렌스 왕궁, 후드, Ninja, 무법자, Fists, Wind",2019/08/07
길드너,Guildna,04_data/images/character_art/길드너.png,5★,"None, Fire",04_data/images/character_art/elements_equipment/none.png|04_data/images/character_art/elements_equipment/fire.png,Obtain,04_data/images/character_art/elements_equipment/obtain.png,,,"마수, Luring Shadow, 왕족, Sword, Fire",2019/07/31
수제트 AS,Suzette (Another Style),04_data/images/character_art/수제트 AS.png,5★,Light,04_data/images/character_art/elements_equipment/light.png,Obtain,04_data/images/character_art/elements_equipment/obtain.png,,,"Sweet tooth, 미식, Lost Laboratory, Lance, Wind",2019/07/31
뮬루스,Myrus,04_data/images/character_art/뮬루스.png,5★ SA,Light,04_data/images/character_art/elements_equipment/light.png,Obtain,04_data/images/character_art/elements_equipment/obtain.png,,,"마수, Staff, Earth",2019/07/24
착한 마쿠마쿠,Good Macky,04_data/images/character_art/착한 마쿠마쿠.png,4★,"Light- farmable ▽(expand)▽Toto Theater World(20%, rate: 24.8%)",04_data/images/character_art/elements_equipment/light- farmable ▽(expand)▽toto theater world(20%.png|04_data/images/character_art/elements_equipment/rate: 24.8%).png,Obtain,04_data/images/character_art/elements_equipment/obtain.png,,,"Sweet tooth, Cat Hater, Fists, Wind",2019/07/11
메리나,Melina,04_data/images/character_art/메리나.png,5★ SA,Water,04_data/images/character_art/elements_equipment/water.png,Obtain,04_data/images/character_art/elements_equipment/obtain.png,,,"Clergy, Minstrel, Sweet tooth, Miner, 왕족, West, Hammer, Water",2019/07/04
노놀드,Nonold,04_data/images/character_art/노놀드.png,5★ SA,Light,04_data/images/character_art/elements_equipment/light.png,Obtain,04_data/images/character_art/elements_equipment/obtain.png,,,"IDA 스쿨, 과학자, Forager, KMS, Staff",2019/07/04
질버,Zilva,04_data/images/character_art/질버.png,4★,Earth,04_data/images/character_art/elements_equipment/earth.png,Obtain,04_data/images/character_art/elements_equipment/obtain.png,,,"미술, Forager, 무법자, Ax, Earth",2019/07/04
셰이네,Shanie,04_data/images/character_art/셰이네.png,5★ SA,Light,04_data/images/character_art/elements_equipment/light.png,Obtain,04_data/images/character_art/elements_equipment/obtain.png,,,"Cursed, 상사병, Sword, Water",2019/06/26
셀리느,Cerrine,04_data/images/character_art/셀리느.png,5★,"Light- farmable ▽(expand)▽Future Garulea Continent(2x25%)Toto Theater World(20%, rate: 24.8%)",04_data/images/character_art/elements_equipment/light- farmable ▽(expand)▽future garulea continent(2x25%)toto theater world(20%.png|04_data/images/character_art/elements_equipment/rate: 24.8%).png,Obtain,04_data/images/character_art/elements_equipment/obtain.png,,,"안경, IDA 스쿨, 무법자, Fists, Earth",2019/06/12
세티,Cetie,04_data/images/character_art/세티.png,5★ SA,Light,04_data/images/character_art/elements_equipment/light.png,Obtain,04_data/images/character_art/elements_equipment/obtain.png,,,"안경, COA, Mounted, Lance, Fire",2019/06/12
야즈키,Yazuki,04_data/images/character_art/야즈키.png,4★,Light,04_data/images/character_art/elements_equipment/light.png,Obtain,04_data/images/character_art/elements_equipment/obtain.png,,,"안경, 무법자, Scallywag, Ax, Wind",2019/06/12
유인,Ewan,04_data/images/character_art/유인.png,5★ SA,Fire,04_data/images/character_art/elements_equipment/fire.png,Obtain,04_data/images/character_art/elements_equipment/obtain.png,,,"안경, Sweet tooth, Cursed, Miner, Weapons, Hammer, Fire",2019/05/22
에리나,Erina,04_data/images/character_art/에리나.png,4★,Light,04_data/images/character_art/elements_equipment/light.png,Obtain,04_data/images/character_art/elements_equipment/obtain.png,,,"Spirit-fused, Staff",2019/05/22
레비아,Levia,04_data/images/character_art/레비아.png,5★,"Light- farmable ▽(expand)▽Toto Theater World(20%, rate: 24.8%)",04_data/images/character_art/elements_equipment/light- farmable ▽(expand)▽toto theater world(20%.png|04_data/images/character_art/elements_equipment/rate: 24.8%).png,Obtain,04_data/images/character_art/elements_equipment/obtain.png,,,"용궁, 기억 상실, Bind, Fishman, Staff, Water",2019/05/08
나기,Nagi,04_data/images/character_art/나기.png,5★,Earth,04_data/images/character_art/elements_equipment/earth.png,Obtain,04_data/images/character_art/elements_equipment/obtain.png,,,"용궁, Glutton, 왕족, Ax, Earth",2019/05/08
치요,Chiyo,04_data/images/character_art/치요.png,4★,Light,04_data/images/character_art/elements_equipment/light.png,Obtain,04_data/images/character_art/elements_equipment/obtain.png,,,"용궁, Staff, Earth",2019/05/08
시에라,Sheila,04_data/images/character_art/시에라.png,4★,"Light- farmable ▽(expand)▽Dragon Palace(10%20%)Sea of Ice(20%)Toto Theater World(20%, rate: 24.8%)",04_data/images/character_art/elements_equipment/light- farmable ▽(expand)▽dragon palace(10%20%)sea of ice(20%)toto theater world(20%.png|04_data/images/character_art/elements_equipment/rate: 24.8%).png,Obtain,04_data/images/character_art/elements_equipment/obtain.png,,,"용궁, Fishman, 왕족, Lance, Water",2019/05/08
가리유,Gariyu,04_data/images/character_art/가리유.png,5★,Fire,04_data/images/character_art/elements_equipment/fire.png,Obtain,04_data/images/character_art/elements_equipment/obtain.png,,,"용, Staff, Fire",2019/04/11
유나,Yuna,04_data/images/character_art/유나.png,5★ SA,Light,04_data/images/character_art/elements_equipment/light.png,Obtain,04_data/images/character_art/elements_equipment/obtain.png,,,"Clergy, 동방, Estrangement, Staff",2019/04/11
라비나,Lovinia,04_data/images/character_art/라비나.png,4★,Light,04_data/images/character_art/elements_equipment/light.png,Obtain,04_data/images/character_art/elements_equipment/obtain.png,,,"Minstrel, Spirit Talker, Bow, Wind",2019/04/11
이스카,Isuka,04_data/images/character_art/이스카.png,5★ SA,Light,04_data/images/character_art/elements_equipment/light.png,Obtain,04_data/images/character_art/elements_equipment/obtain.png,,,"IDA 스쿨, 독서가, COA, Lost Laboratory, Power to Rule, Katana, Wind",2019/03/27
제이드,Jade,04_data/images/character_art/제이드.png,5★,Fire,04_data/images/character_art/elements_equipment/fire.png,Obtain,04_data/images/character_art/elements_equipment/obtain.png,,,"IDA 스쿨, Lance, Fire",2019/03/27
루이나,Ruina,04_data/images/character_art/루이나.png,4★,Claude ES(3)Cynthia(3)Isuka ES(3)Melpiphia(3)Claude(3)Curio(3)Isuka(3)Sevyn(3)Veina(3)Breeno(2)Elseal(2)Moonlight Flower(2)Joker(2)Linaria(2)Forlorn Thespian(2)Cerrine(2)Dewey(2)Empel(2),04_data/images/character_art/elements_equipment/claude es(3)cynthia(3)isuka es(3)melpiphia(3)claude(3)curio(3)isuka(3)sevyn(3)veina(3)breeno(2)elseal(2)moonlight flower(2)joker(2)linaria(2)forlorn thespian(2)cerrine(2)dewey(2)empel(2).png,Obtain,04_data/images/character_art/elements_equipment/obtain.png,,,"엘프, 안경, IDA 스쿨, 독서가, Sword, Wind",2019/03/27
아자미,Azami,04_data/images/character_art/아자미.png,5★,"Light- farmable ▽(expand)▽Present Garulea Continent(2x25%)Toto Theater World(20%, rate: 24.8%)",04_data/images/character_art/elements_equipment/light- farmable ▽(expand)▽present garulea continent(2x25%)toto theater world(20%.png|04_data/images/character_art/elements_equipment/rate: 24.8%).png,Obtain,04_data/images/character_art/elements_equipment/obtain.png,,,"동방, Sweet tooth, Land of Mi, 상사병, Katana, Wind",2019/03/13
라클레어,Laclair,04_data/images/character_art/라클레어.png,5★,Light,04_data/images/character_art/elements_equipment/light.png,Obtain,04_data/images/character_art/elements_equipment/obtain.png,,,"Avenger, Dog lover, Dragon Killer, Bow, Water",2019/03/13
사모라,Samora,04_data/images/character_art/사모라.png,4★,Light,04_data/images/character_art/elements_equipment/light.png,Obtain,04_data/images/character_art/elements_equipment/obtain.png,,,"요리, 드워프, 미식, Miner, Hammer, Fire",2019/03/13
아나벨,Anabel,04_data/images/character_art/아나벨.png,5★,Light,04_data/images/character_art/elements_equipment/light.png,Obtain,04_data/images/character_art/elements_equipment/obtain.png,,,"미글렌스 왕궁, Sweet tooth, Mounted, 방패, Sword, Water",2019/02/28
디아드라,Deirdre,04_data/images/character_art/디아드라.png,5★,"None, Earth",04_data/images/character_art/elements_equipment/none.png|04_data/images/character_art/elements_equipment/earth.png,Obtain,04_data/images/character_art/elements_equipment/obtain.png,,,"미글렌스 왕궁, 기억 상실, Demon Sword, 무법자, Sword, Earth",2019/02/28
네로,Nero,04_data/images/character_art/네로.png,4★,Water,04_data/images/character_art/elements_equipment/water.png,Obtain,04_data/images/character_art/elements_equipment/obtain.png,,,"동방, Land of Shin, MMA, Fists, Water",2019/02/28
아카네,Akane,04_data/images/character_art/아카네.png,5★ SA,Light,04_data/images/character_art/elements_equipment/light.png,Obtain,04_data/images/character_art/elements_equipment/obtain.png,,,"동방, Itto-Ryu, Land of Mi, Katana, Fire",2019/01/28
알도,Aldo,04_data/images/character_art/알도.png,5★ SA,"Light- farmable ▽(expand)▽Edax Unigan(2x25%)Miglance Castle(10%20%)Toto Theater World(20%, rate: 24.8%)",04_data/images/character_art/elements_equipment/light- farmable ▽(expand)▽edax unigan(2x25%)miglance castle(10%20%)toto theater world(20%.png|04_data/images/character_art/elements_equipment/rate: 24.8%).png,Obtain,04_data/images/character_art/elements_equipment/obtain.png,,,"Guiding Light, New Radical Dreamers, New Time Drift, Protagonist, 아르카디아, 바르오키, Concerto Artes, Demon Sword, 용, Forager, Itto-Ryu, Sword, Fire",2019/01/28
에이미,Amy,04_data/images/character_art/에이미.png,5★,"Light- farmable ▽(expand)▽Industrial Ruins(10%20%)Toto Theater World(20%, rate: 24.8%)",04_data/images/character_art/elements_equipment/light- farmable ▽(expand)▽industrial ruins(10%20%)toto theater world(20%.png|04_data/images/character_art/elements_equipment/rate: 24.8%).png,Obtain,04_data/images/character_art/elements_equipment/obtain.png,,,"대장간, 요리, Avenger, Spirit-fused, Fists, Wind",2019/01/28
베네디트,Benedict,04_data/images/character_art/베네디트.png,5★,"None, Wind",04_data/images/character_art/elements_equipment/none.png|04_data/images/character_art/elements_equipment/wind.png,Obtain,04_data/images/character_art/elements_equipment/obtain.png,,,"Forager, 무법자, Woodcutter, Ax, Wind",2019/01/28
비베트,Bivette,04_data/images/character_art/비베트.png,5★,Light,04_data/images/character_art/elements_equipment/light.png,Obtain,04_data/images/character_art/elements_equipment/obtain.png,,,"Cat lover, Animal Talker, Spirit Talker, Staff, Fire",2019/01/28
브리아,Bria,04_data/images/character_art/브리아.png,5★,Light,04_data/images/character_art/elements_equipment/light.png,Obtain,04_data/images/character_art/elements_equipment/obtain.png,,,"엘프, Fleareth, Lance, Water",2019/01/28
시엘,Ciel,04_data/images/character_art/시엘.png,5★,Light,04_data/images/character_art/elements_equipment/light.png,Obtain,04_data/images/character_art/elements_equipment/obtain.png,,,"Minstrel, Bow, Earth",2019/01/28
사이러스 (스토리),Cyrus,04_data/images/character_art/사이러스 (스토리).png,5★,"Light- farmable ▽(expand)▽Man-eating Marsh(10%20%)Toto Theater World(20%, rate: 24.8%)",04_data/images/character_art/elements_equipment/light- farmable ▽(expand)▽man-eating marsh(10%20%)toto theater world(20%.png|04_data/images/character_art/elements_equipment/rate: 24.8%).png,Obtain,04_data/images/character_art/elements_equipment/obtain.png,,,"동방, Guiding Light, Cursed, Katana, Water",2019/01/28
피네,Feinne,04_data/images/character_art/피네.png,5★,,,Obtain,04_data/images/character_art/elements_equipment/obtain.png,,,"Cat lover, 요리, 바르오키, Demon Sword, 지오, Staff",2019/01/28
헬레나,Helena,04_data/images/character_art/헬레나.png,5★ SA,"None, Earth",04_data/images/character_art/elements_equipment/none.png|04_data/images/character_art/elements_equipment/earth.png,Obtain,04_data/images/character_art/elements_equipment/obtain.png,,,"가면, 합성인간, Staff, Earth",2019/01/28
로키드,Lokido,04_data/images/character_art/로키드.png,5★,Light,04_data/images/character_art/elements_equipment/light.png,Obtain,04_data/images/character_art/elements_equipment/obtain.png,,,"마수, Avenger, Fists, Earth",2019/01/28
마리엘,Mariel,04_data/images/character_art/마리엘.png,5★ SA,Light,04_data/images/character_art/elements_equipment/light.png,Obtain,04_data/images/character_art/elements_equipment/obtain.png,,,"Cat lover, Clergy, Staff",2019/01/28
메이,May,04_data/images/character_art/메이.png,5★,Light,04_data/images/character_art/elements_equipment/light.png,Obtain,04_data/images/character_art/elements_equipment/obtain.png,,,"대장간, 안경, 바르오키, 상사병, Miner, Hammer, Earth",2019/01/28
마이티,Mighty,04_data/images/character_art/마이티.png,5★ SA,Light,04_data/images/character_art/elements_equipment/light.png,Obtain,04_data/images/character_art/elements_equipment/obtain.png,,,"IDA 스쿨, Napper, Staff, Water",2019/01/28
미유,Miyu,04_data/images/character_art/미유.png,5★,Light,04_data/images/character_art/elements_equipment/light.png,Obtain,04_data/images/character_art/elements_equipment/obtain.png,,,"미글렌스 왕궁, 왕족, Sword, Fire",2019/01/28
프라이,Prai,04_data/images/character_art/프라이.png,5★,"Fire,None",04_data/images/character_art/elements_equipment/fire.png|04_data/images/character_art/elements_equipment/none.png,Obtain,04_data/images/character_art/elements_equipment/obtain.png,,,"Clergy, Miner, West, Hammer, Fire",2019/01/28
리이카,Riica,04_data/images/character_art/리이카.png,5★,"Light- farmable ▽(expand)▽Xeno-Domain(10%20%)Toto Theater World(20%, rate: 24.8%)",04_data/images/character_art/elements_equipment/light- farmable ▽(expand)▽xeno-domain(10%20%)toto theater world(20%.png|04_data/images/character_art/elements_equipment/rate: 24.8%).png,Obtain,04_data/images/character_art/elements_equipment/obtain.png,,,"Cat lover, KMS, Machinery, Miner, Hammer, Earth",2019/01/28
세빈,Sevyn,04_data/images/character_art/세빈.png,5★,Light,04_data/images/character_art/elements_equipment/light.png,Obtain,04_data/images/character_art/elements_equipment/obtain.png,,,"안경, IDA 스쿨, Lost Laboratory, Spirit Talker, Staff, Wind",2019/01/28
시온,Shion,04_data/images/character_art/시온.png,5★ SA,Light,04_data/images/character_art/elements_equipment/light.png,Obtain,04_data/images/character_art/elements_equipment/obtain.png,,,"Cat lover, 죽마고우, 동방, Itto-Ryu, Land of Mi, Mounted, Katana, Fire",2019/01/28
수제트,Suzette,04_data/images/character_art/수제트.png,4★,Light,04_data/images/character_art/elements_equipment/light.png,Obtain,04_data/images/character_art/elements_equipment/obtain.png,,,"Sweet tooth, 미식, Lost Laboratory, Lance, Wind",2019/01/28
투바,Toova,04_data/images/character_art/투바.png,5★ SA,Earth,04_data/images/character_art/elements_equipment/earth.png,Obtain,04_data/images/character_art/elements_equipment/obtain.png,,,"장례, Nicknamer, Spirit-fused, Staff, Earth",2019/01/28
브리노,Breeno,04_data/images/character_art/브리노.png,4★,Earth,04_data/images/character_art/elements_equipment/earth.png,Obtain,04_data/images/character_art/elements_equipment/obtain.png,,,"엘프, 미글렌스 왕궁, Sword, Earth",2019/01/28
큐카,Cyuca,04_data/images/character_art/큐카.png,4★,Light,04_data/images/character_art/elements_equipment/light.png,Obtain,04_data/images/character_art/elements_equipment/obtain.png,,,"가면, 무법자, Spicy Lover, Ax, Wind",2019/01/28
다르니스,Darunis,04_data/images/character_art/다르니스.png,4★,Light,04_data/images/character_art/elements_equipment/light.png,Obtain,04_data/images/character_art/elements_equipment/obtain.png,,,"바르오키, Forager, Bow, Wind",2019/01/28
데니,Denny,04_data/images/character_art/데니.png,4★,Light,04_data/images/character_art/elements_equipment/light.png,Obtain,04_data/images/character_art/elements_equipment/obtain.png,,,"Scallywag, Ax, Water",2019/01/28
포란,Foran,04_data/images/character_art/포란.png,4★,Light,04_data/images/character_art/elements_equipment/light.png,Obtain,04_data/images/character_art/elements_equipment/obtain.png,,,"IDA 스쿨, Cat Hater, Lance, Water",2019/01/28
코마치,Komachi,04_data/images/character_art/코마치.png,4★,Light,04_data/images/character_art/elements_equipment/light.png,Obtain,04_data/images/character_art/elements_equipment/obtain.png,,,"동방, Land of Mi, Lance, Earth",2019/01/28
쿨레르보,Krervo,04_data/images/character_art/쿨레르보.png,4★,Light,04_data/images/character_art/elements_equipment/light.png,Obtain,04_data/images/character_art/elements_equipment/obtain.png,,,"안경, 과학자, Forager, KMS, Staff",2019/01/28
레레,Lele,04_data/images/character_art/레레.png,4★,Light,04_data/images/character_art/elements_equipment/light.png,Obtain,04_data/images/character_art/elements_equipment/obtain.png,,,"Cat lover, Animal Talker, Staff, Water",2019/01/28
링리,Lingli,04_data/images/character_art/링리.png,4★,Light,04_data/images/character_art/elements_equipment/light.png,Obtain,04_data/images/character_art/elements_equipment/obtain.png,,,"요리, 동방, Land of Shin, MMA, Fists, Fire",2019/01/28
미란다,Miranda,04_data/images/character_art/미란다.png,4★,Light,04_data/images/character_art/elements_equipment/light.png,Obtain,04_data/images/character_art/elements_equipment/obtain.png,,,"Scallywag, Spicy Lover, Ax, Fire",2019/01/28
뮤론,Myron,04_data/images/character_art/뮤론.png,4★,Light,04_data/images/character_art/elements_equipment/light.png,Obtain,04_data/images/character_art/elements_equipment/obtain.png,,,"Clergy, Sword, Earth",2019/01/28
니케,Nikeh,04_data/images/character_art/니케.png,4★,Water,04_data/images/character_art/elements_equipment/water.png,Obtain,04_data/images/character_art/elements_equipment/obtain.png,,,"동방, 무법자, Katana, Water",2019/01/28
노마르,Nomar,04_data/images/character_art/노마르.png,4★,Light,04_data/images/character_art/elements_equipment/light.png,Obtain,04_data/images/character_art/elements_equipment/obtain.png,,,"바르오키, Miner, Weapons, Lance, Water",2019/01/28
오토하,Otoha,04_data/images/character_art/오토하.png,4★,Light,04_data/images/character_art/elements_equipment/light.png,Obtain,04_data/images/character_art/elements_equipment/obtain.png,,,"Cat lover, 동방, Land of Mi, Zoology, Katana, Earth",2019/01/28
파리사,Parisa,04_data/images/character_art/파리사.png,4★,Fire,04_data/images/character_art/elements_equipment/fire.png,Obtain,04_data/images/character_art/elements_equipment/obtain.png,,,"Minstrel, Cursed, Bow, Fire",2019/01/28
폼,Pom,04_data/images/character_art/폼.png,4★,Light,04_data/images/character_art/elements_equipment/light.png,Obtain,04_data/images/character_art/elements_equipment/obtain.png,,,"과학자, Forager, 총, Staff",2019/01/28
레이븐,Raven,04_data/images/character_art/레이븐.png,4★,Earth,04_data/images/character_art/elements_equipment/earth.png,Obtain,04_data/images/character_art/elements_equipment/obtain.png,,,"가면, 기억 상실, 후드, Staff, Earth",2019/01/28
로벨라,Rovella,04_data/images/character_art/로벨라.png,4★,Water,04_data/images/character_art/elements_equipment/water.png,Obtain,04_data/images/character_art/elements_equipment/obtain.png,,,"Lost Laboratory, Machinery, 밀리터리, 무법자, Bow, Water",2019/01/28
루프스,Rufus,04_data/images/character_art/루프스.png,4★,Light,04_data/images/character_art/elements_equipment/light.png,Obtain,04_data/images/character_art/elements_equipment/obtain.png,,,"독서가, Fists, Fire",2019/01/28
소이라,Soira,04_data/images/character_art/소이라.png,4★,Light,04_data/images/character_art/elements_equipment/light.png,Obtain,04_data/images/character_art/elements_equipment/obtain.png,,,"미글렌스 왕궁, Napper, Lance, Wind",2019/01/28
이오,Yio,04_data/images/character_art/이오.png,4★,Light,04_data/images/character_art/elements_equipment/light.png,Obtain,04_data/images/character_art/elements_equipment/obtain.png,,,"Dragon Killer, Ax, Earth",2019/01/28
에이시아,Asia,04_data/images/character_art/에이시아.png,3★,Light,04_data/images/character_art/elements_equipment/light.png,Obtain,04_data/images/character_art/elements_equipment/obtain.png,,,"가면, Estrangement, Bow",2019/01/28
크토스,Ctos,04_data/images/character_art/크토스.png,3★,Light,04_data/images/character_art/elements_equipment/light.png,Obtain,04_data/images/character_art/elements_equipment/obtain.png,,,"Fleareth, Hammer",2019/01/28
인,Een,04_data/images/character_art/인.png,3★,Light,04_data/images/character_art/elements_equipment/light.png,Obtain,04_data/images/character_art/elements_equipment/obtain.png,,,"Machinery, Lance",2019/01/28
에무스,Emms,04_data/images/character_art/에무스.png,3★,Light,04_data/images/character_art/elements_equipment/light.png,Obtain,04_data/images/character_art/elements_equipment/obtain.png,,,"Fleareth, Napper, Fists",2019/01/28
에스타,Esta,04_data/images/character_art/에스타.png,3★,Light,04_data/images/character_art/elements_equipment/light.png,Obtain,04_data/images/character_art/elements_equipment/obtain.png,,,"Fleareth, Ax",2019/01/28
킬퀴어,Kilqia,04_data/images/character_art/킬퀴어.png,3★,,,Obtain,04_data/images/character_art/elements_equipment/obtain.png,,,"가면, Sharp Ears, Staff",2019/01/28
쿠트,Koot,04_data/images/character_art/쿠트.png,3★,Light,04_data/images/character_art/elements_equipment/light.png,Obtain,04_data/images/character_art/elements_equipment/obtain.png,,,"Machinery, Katana",2019/01/28
메네시아,Menesia,04_data/images/character_art/메네시아.png,3★,,,Obtain,04_data/images/character_art/elements_equipment/obtain.png,,,"가면, Katana",2019/01/28
나토레,Natore,04_data/images/character_art/나토레.png,3★,Light,04_data/images/character_art/elements_equipment/light.png,Obtain,04_data/images/character_art/elements_equipment/obtain.png,,,"Fleareth, Ninja, Sword",2019/01/28
네일리아,Naylia,04_data/images/character_art/네일리아.png,3★,Light,04_data/images/character_art/elements_equipment/light.png,Obtain,04_data/images/character_art/elements_equipment/obtain.png,,,"가면, Sword",2019/01/28
닉사,Nixa,04_data/images/character_art/닉사.png,3★,Light,04_data/images/character_art/elements_equipment/light.png,Obtain,04_data/images/character_art/elements_equipment/obtain.png,,,"Fleareth, Bow",2019/01/28
누므,Noome,04_data/images/character_art/누므.png,3★,Light,04_data/images/character_art/elements_equipment/light.png,Obtain,04_data/images/character_art/elements_equipment/obtain.png,,,"Machinery, Staff",2019/01/28
오르,Oor,04_data/images/character_art/오르.png,3★,Light,04_data/images/character_art/elements_equipment/light.png,Obtain,04_data/images/character_art/elements_equipment/obtain.png,,,"Machinery, Ax",2019/01/28
패시아,Pasia,04_data/images/character_art/패시아.png,3★,Light,04_data/images/character_art/elements_equipment/light.png,Obtain,04_data/images/character_art/elements_equipment/obtain.png,,,"Cat lover, 가면, Animal Talker, Hammer",2019/01/28
로디아,Rodeia,04_data/images/character_art/로디아.png,3★,Light,04_data/images/character_art/elements_equipment/light.png,Obtain,04_data/images/character_art/elements_equipment/obtain.png,,,"가면, Sweet tooth, Ax",2019/01/28
세스,Saithe,04_data/images/character_art/세스.png,3★,Light,04_data/images/character_art/elements_equipment/light.png,Obtain,04_data/images/character_art/elements_equipment/obtain.png,,,"Machinery, Bow",2019/01/28
사우리아,Sauria,04_data/images/character_art/사우리아.png,3★,Light,04_data/images/character_art/elements_equipment/light.png,Obtain,04_data/images/character_art/elements_equipment/obtain.png,,,"가면, Nicknamer, Lance",2019/01/28
테임,Tayme,04_data/images/character_art/테임.png,3★,Light,04_data/images/character_art/elements_equipment/light.png,Obtain,04_data/images/character_art/elements_equipment/obtain.png,,,"Machinery, Fists",2019/01/28
톰,Tohme,04_data/images/character_art/톰.png,3★,,,Obtain,04_data/images/character_art/elements_equipment/obtain.png,,,"Avenger, Fleareth, Katana",2019/01/28
톨,Toole,04_data/images/character_art/톨.png,3★,Light,04_data/images/character_art/elements_equipment/light.png,Obtain,04_data/images/character_art/elements_equipment/obtain.png,,,"Machinery, Hammer",2019/01/28
우라니아,Urania,04_data/images/character_art/우라니아.png,3★,Light,04_data/images/character_art/elements_equipment/light.png,Obtain,04_data/images/character_art/elements_equipment/obtain.png,,,"요리, 가면, Fists",2019/01/28
우오,Uuo,04_data/images/character_art/우오.png,3★,Light,04_data/images/character_art/elements_equipment/light.png,Obtain,04_data/images/character_art/elements_equipment/obtain.png,,,"Machinery, Sword",2019/01/28
이시스,Yssis,04_data/images/character_art/이시스.png,3★,Light,04_data/images/character_art/elements_equipment/light.png,Obtain,04_data/images/character_art/elements_equipment/obtain.png,,,"Fleareth, Staff",2019/01/28
